datetime,open,high,low,close,volume
2020-05-21 20:30:00,52.7,53.46,52.2806,53.18,1410382.0
2020-05-22 20:30:00,53.05,53.7,52.64,53.59,1364506.0
2020-05-26 20:30:00,54.77,55.07,52.44,52.6,2524726.0
2020-05-27 20:30:00,52.76,53.75,51.69,53.75,1911353.0
2020-05-28 20:30:00,54.31,55.29,53.81,54.37,1655974.0
2020-05-29 20:30:00,54.5,55.03,53.72,54.69,4376773.0
2020-06-01 20:30:00,54.48,55.07,54.14,54.7,1247832.0
2020-06-02 20:30:00,54.52,55.99,54.01,55.77,2941947.0
2020-06-03 20:30:00,55.99,57.13,55.82,56.62,2163750.0
2020-06-04 20:30:00,56.17,57.08,55.82,56.49,2077663.0
2020-06-05 20:30:00,57.06,58.49,57.0,57.27,1856720.0
2020-06-08 20:30:00,57.06,59.46,56.9,59.31,2562208.0
2020-06-09 20:30:00,58.68,58.91,57.08,57.65,1458612.0
2020-06-10 20:30:00,57.92,58.033,55.38,55.47,2206911.0
2020-06-11 20:30:00,54.1,54.48,52.12,52.49,1888406.0
2020-06-12 20:30:00,54.0,54.4,51.5,52.89,1747737.0
2020-06-15 20:30:00,51.83,53.93,51.25,53.46,1946511.0
2020-06-16 20:30:00,54.8,55.04,53.6101,54.5,2564726.0
2020-06-17 20:30:00,54.51,54.63,53.5,53.66,2102312.0
2020-06-18 20:30:00,53.5,53.65,52.66,53.11,2023729.0
2020-06-19 20:30:00,54.14,54.78,53.32,53.81,4669016.0
2020-06-22 20:30:00,53.69,53.95,52.94,53.82,1285014.0
2020-06-23 20:30:00,54.29,54.54,53.41,53.48,1589515.0
2020-06-24 20:30:00,53.0,53.58,51.575,52.01,2300061.0
2020-06-25 20:30:00,51.66,52.31,51.17,51.87,2494005.0
2020-06-26 20:30:00,51.76,52.33,50.43,50.55,8788356.0
2020-06-29 20:30:00,50.96,51.97,50.93,51.97,1604466.0
2020-06-30 20:30:00,51.28,52.57,50.83,52.19,2559771.0
2020-07-01 20:30:00,52.32,52.575,51.46,51.68,1633726.0
2020-07-02 20:30:00,52.32,52.75,51.54,51.8,2371492.0
2020-07-06 20:30:00,52.22,52.46,51.3,51.74,2284126.0
2020-07-07 20:30:00,51.01,51.32,50.17,50.22,1619335.0
2020-07-08 20:30:00,50.32,50.53,49.4,50.29,1975243.0
2020-07-09 20:30:00,50.19,50.27,48.39,48.88,1575881.0
2020-07-10 20:30:00,48.76,49.54,48.25,49.36,1841213.0
2020-07-13 20:30:00,49.61,50.66,49.26,49.87,2143738.0
2020-07-14 20:30:00,49.63,51.0,49.51,50.93,1669909.0
2020-07-15 20:30:00,51.49,52.28,51.19,52.09,1642786.0
2020-07-16 20:30:00,51.92,52.72,51.58,52.42,1387534.0
2020-07-17 20:30:00,52.6,53.345,52.38,53.13,1139935.0
2020-07-20 20:30:00,53.26,53.42,52.52,53.15,2959628.0
2020-07-21 20:30:00,53.54,56.05,53.54,55.99,2661499.0
2020-07-22 20:30:00,56.0,56.33,55.52,56.16,1531696.0
2020-07-23 20:30:00,56.27,57.05,56.04,56.55,1685157.0
2020-07-24 20:30:00,56.75,57.63,56.14,56.5,1504378.0
2020-07-27 20:30:00,56.27,57.52,55.74,57.48,1704556.0
2020-07-28 20:30:00,57.34,57.59,56.49,56.58,1524468.0
2020-07-29 20:30:00,56.88,57.99,56.53,57.7,1894068.0
2020-07-30 20:30:00,56.81,57.0,55.6,56.48,2437405.0
2020-07-31 20:30:00,56.43,56.5,53.91,54.62,4728200.0
2020-08-03 20:30:00,55.55,58.31,55.54,58.04,2856062.0
2020-08-04 20:30:00,57.76,58.34,57.03,57.83,1888482.0
2020-08-05 20:30:00,58.64,58.97,57.09,57.6,2764599.0
2020-08-06 20:30:00,52.5,55.45,52.11,53.11,5229135.0
2020-08-07 20:30:00,52.62,52.74,51.61,52.58,2844789.0
2020-08-10 20:30:00,52.58,53.81,52.35,53.06,2161747.0
2020-08-11 20:30:00,53.36,53.92,52.85,53.04,1782390.0
2020-08-12 20:30:00,53.48,54.17,53.26,53.82,1635241.0
2020-08-13 20:30:00,53.42,53.65,52.26,52.43,2608926.0
2020-08-14 20:30:00,52.2,53.7,51.92,53.68,1985671.0
2020-08-17 20:30:00,53.7,53.78,52.6,52.73,1616753.0
2020-08-18 20:30:00,52.7,53.29,51.93,52.05,1724222.0
2020-08-19 20:30:00,51.98,52.63,51.51,51.64,1358715.0
2020-08-20 20:30:00,51.37,51.53,50.045,50.16,1729663.0
2020-08-21 20:30:00,49.95,50.32,49.59,49.85,1628992.0
2020-08-24 20:30:00,50.23,50.27,49.44,49.8,1365943.0
2020-08-25 20:30:00,49.85,50.6,49.46,50.56,1781208.0
2020-08-26 20:30:00,50.21,51.1,49.94,50.95,2038282.0
2020-08-27 20:30:00,51.19,51.4599,50.26,50.67,1932032.0
2020-08-28 20:30:00,50.6,50.79,49.98,50.5,1119865.0
2020-08-31 20:30:00,50.25,51.23,50.22,50.76,2279021.0
2020-09-01 20:30:00,50.52,50.74,48.57,49.34,2033147.0
2020-09-02 20:30:00,49.62,51.28,49.33,50.99,2355425.0
2020-09-03 20:30:00,51.35,51.9,49.46,50.02,3189695.0
2020-09-04 20:30:00,50.17,50.21,49.0,49.72,2368963.0
2020-09-08 20:30:00,49.67,49.93,48.82,49.27,2825949.0
2020-09-09 20:30:00,49.56,50.04,48.96,49.54,1560330.0
2020-09-10 20:30:00,49.31,49.55,48.51,48.54,2393970.0
2020-09-11 20:30:00,48.84,48.84,47.86,48.38,1481044.0
2020-09-14 20:30:00,48.61,48.99,46.93,47.05,4552093.0
2020-09-15 20:30:00,47.44,47.77,46.53,46.55,2600277.0
2020-09-16 20:30:00,46.74,47.7,46.7,47.21,4038243.0
2020-09-17 20:30:00,46.7,47.36,45.89,47.3,3926799.0
2020-09-18 20:30:00,47.3,48.33,47.23,47.68,4227480.0
2020-09-21 20:30:00,47.03,47.357,46.48,47.1,2632388.0
2020-09-22 20:30:00,47.1,47.525,46.8322,47.08,2423527.0
2020-09-23 20:30:00,47.2,47.21,45.24,45.25,2526306.0
2020-09-24 20:30:00,45.5,46.23,44.65,45.81,2880580.0
2020-09-25 20:30:00,46.7,47.68,46.28,47.43,2944848.0
2020-09-28 20:30:00,47.97,48.54,47.46,47.55,1837230.0
2020-09-29 20:30:00,47.63,47.68,46.74,46.89,1546368.0
2020-09-30 20:30:00,46.59,47.41,46.342,46.95,3222041.0
2020-10-01 20:30:00,47.19,47.2,45.81,46.08,2115029.0
2020-10-02 20:30:00,45.52,46.765,45.29,46.3,1747173.0
2020-10-05 20:30:00,46.5,47.43,46.07,47.15,2820863.0
2020-10-06 20:30:00,47.59,47.8,46.32,46.47,1854283.0
2020-10-07 20:30:00,46.55,47.43,46.54,47.15,1758654.0
2020-10-08 20:30:00,47.29,48.73,46.8,48.68,1774793.0
2020-10-09 20:30:00,48.92,48.93,47.81,48.03,2002519.0
2020-10-12 20:30:00,48.23,48.51,47.88,48.32,1138293.0
2020-10-13 20:30:00,47.8,48.34,47.68,47.92,1256476.0
2020-10-14 20:30:00,48.0,48.9,47.73,48.37,1240600.0
2020-10-15 20:30:00,47.74,48.95,47.4806,48.92,1180127.0
2020-10-16 20:30:00,48.89,49.35,48.36,48.79,1284587.0
2020-10-19 20:30:00,48.78,49.24,47.8,47.9,1791457.0
2020-10-20 20:30:00,48.23,48.46,47.69,47.71,1678557.0
2020-10-21 20:30:00,47.47,48.26,47.31,47.83,1294435.0
2020-10-22 20:30:00,47.9,48.895,47.8996,48.77,1396519.0
2020-10-23 20:30:00,49.11,49.545,48.75,49.34,1290025.0
2020-10-26 20:30:00,48.88,49.13,47.69,48.03,1643069.0
2020-10-27 20:30:00,47.85,48.39,47.47,47.48,1473210.0
2020-10-28 20:30:00,46.55,47.01,45.88,45.96,1698131.0
2020-10-29 20:30:00,45.83,46.15,44.915,45.61,1894122.0
2020-10-30 20:30:00,45.49,46.26,45.15,45.79,4173801.0
2020-11-02 21:30:00,46.8,47.84,46.26,47.52,2496524.0
2020-11-03 21:30:00,48.53,49.405,48.44,48.79,2180132.0
2020-11-04 21:30:00,50.0,50.835,49.3,49.44,2901723.0
2020-11-05 21:30:00,51.51,54.28,51.5,53.06,4444006.0
2020-11-06 21:30:00,53.23,53.55,52.24,52.64,2255631.0
2020-11-09 21:30:00,55.5,56.3,54.03,55.41,3043685.0
2020-11-10 21:30:00,55.6,57.83,55.21,57.37,3553220.0
2020-11-11 21:30:00,57.54,57.685,55.8839,56.23,1899383.0
2020-11-12 21:30:00,55.64,56.49,55.2,56.0,1612050.0
2020-11-13 21:30:00,56.36,57.59,55.99,57.43,1435189.0
2020-11-16 21:30:00,58.5,59.19,58.02,58.47,2167212.0
2020-11-17 21:30:00,55.0,55.34,53.2,54.68,3749739.0
2020-11-18 21:30:00,55.11,55.95,53.19,53.32,2497381.0
2020-11-19 21:30:00,52.98,52.98,51.51,52.29,2834146.0
2020-11-20 21:30:00,52.08,52.55,51.27,51.86,2449677.0
2020-11-23 21:30:00,52.35,52.75,51.7,52.29,1982639.0
2020-11-24 21:30:00,52.89,54.13,52.4,53.97,2287781.0
2020-11-25 21:30:00,54.03,54.13,53.2,53.77,1908810.0
2020-11-27 21:30:00,53.59,54.25,53.485,53.78,788108.0
2020-11-30 21:30:00,53.9,54.8,53.495,54.59,5380611.0
2020-12-01 21:30:00,55.4,55.44,53.865,54.03,2231756.0
2020-12-02 21:30:00,53.87,55.855,53.8,55.65,3001465.0
2020-12-03 21:30:00,55.72,56.18,54.9,55.43,3345166.0
2020-12-04 21:30:00,55.72,56.99,55.07,56.99,2223661.0
2020-12-07 21:30:00,56.63,56.63,55.0583,55.4,2778222.0
2020-12-08 21:30:00,55.29,56.63,55.14,56.47,1487530.0
2020-12-09 21:30:00,56.46,56.69,55.42,56.15,1245625.0
2020-12-10 21:30:00,55.71,56.05,55.23,55.45,1649694.0
2020-12-11 21:30:00,55.09,55.13,53.93,54.28,2268142.0
2020-12-14 21:30:00,54.91,55.02,53.36,53.55,1953832.0
2020-12-15 21:30:00,54.05,55.22,53.9975,54.92,1494301.0
2020-12-16 21:30:00,54.71,54.86,54.12,54.24,1139148.0
2020-12-17 21:30:00,54.61,54.66,53.655,54.22,3102618.0
2020-12-18 21:30:00,54.18,55.025,53.82,54.96,2925605.0
2020-12-21 21:30:00,54.0,54.44,53.3006,54.02,1740582.0
2020-12-22 21:30:00,54.1,54.42,53.55,53.63,1171771.0
2020-12-23 21:30:00,53.77,54.2868,53.64,53.86,925218.0
2020-12-24 21:30:00,53.93,54.07,53.31,53.8,349623.0
2020-12-28 21:30:00,54.09,54.43,53.31,53.66,975278.0
2020-12-29 21:30:00,53.88,54.09,53.14,53.5,925538.0
2020-12-30 21:30:00,53.57,53.84,53.12,53.49,1122186.0
2020-12-31 21:30:00,52.95,53.63,52.64,53.56,1251811.0
2021-01-04 21:30:00,53.88,54.04,52.11,52.93,2861028.0
2021-01-05 21:30:00,53.07,53.65,51.93,53.12,1846340.0
2021-01-06 21:30:00,53.39,55.2,53.232,55.06,2776063.0
2021-01-07 21:30:00,55.21,56.56,55.06,56.31,3344742.0
2021-01-08 21:30:00,56.65,56.99,55.55,55.91,2137462.0
2021-01-11 21:30:00,55.6,56.33,55.4704,55.74,1271461.0
2021-01-12 21:30:00,55.9,56.24,55.47,55.99,1277892.0
2021-01-13 21:30:00,55.91,56.24,55.39,55.4,994185.0
2021-01-14 21:30:00,55.34,55.91,54.76,55.39,1681250.0
2021-01-15 21:30:00,55.33,55.575,54.2,55.44,1257991.0
2021-01-19 21:30:00,55.63,55.73,54.54,54.81,1674917.0
2021-01-20 21:30:00,54.82,55.0299,54.19,54.59,1605920.0
2021-01-21 21:30:00,54.45,55.31,53.15,55.07,1995097.0
2021-01-22 21:30:00,54.88,55.73,54.7,55.39,1326282.0
2021-01-25 21:30:00,54.94,55.295,54.38,55.03,1429925.0
2021-01-26 21:30:00,55.15,55.845,54.94,55.48,893714.0
2021-01-27 21:30:00,54.98,55.62,54.71,55.29,2733821.0
2021-01-28 21:30:00,55.45,56.32,55.25,55.57,1856098.0
2021-01-29 21:30:00,55.63,55.81,53.22,53.73,2622113.0
2021-02-01 21:30:00,53.93,54.88,53.82,54.48,1593098.0
2021-02-02 21:30:00,55.8,56.27,54.47,54.54,1571574.0
2021-02-03 21:30:00,54.19,54.57,53.71,54.4,1312446.0
2021-02-04 21:30:00,54.71,56.47,54.36,55.98,2823609.0
2021-02-05 21:30:00,55.2,55.75,53.01,54.26,3019134.0
2021-02-08 21:30:00,54.35,54.5,51.81,52.91,4018673.0
2021-02-09 21:30:00,53.15,53.484,52.24,52.95,2216888.0
2021-02-10 21:30:00,53.2,53.51,52.83,53.06,1797950.0
2021-02-11 21:30:00,53.12,53.18,51.85,52.41,1754523.0
2021-02-12 21:30:00,52.0,52.41,51.535,51.86,1983492.0
2021-02-16 21:30:00,52.13,52.189,51.46,51.75,2043217.0
2021-02-17 21:30:00,51.5,52.11,50.78,51.72,2138067.0
2021-02-18 21:30:00,51.5,51.67,51.1,51.37,2042409.0
2021-02-19 21:30:00,51.34,52.13,51.27,52.0,2368373.0
2021-02-22 21:30:00,52.02,52.34,51.53,52.13,1741298.0
2021-02-23 21:30:00,52.34,52.6,51.51,51.98,2201642.0
2021-02-24 21:30:00,52.05,53.16,51.95,52.55,2366852.0
2021-02-25 21:30:00,52.73,53.44,51.8801,52.14,2040307.0
2021-02-26 21:30:00,52.15,52.215,51.38,51.52,2850611.0
2021-03-01 21:30:00,51.94,53.0427,51.83,52.75,1887134.0
2021-03-02 21:30:00,53.06,53.34,52.76,52.97,1984323.0
2021-03-03 21:30:00,52.78,53.475,52.48,53.25,2180021.0
2021-03-04 21:30:00,53.02,53.35,51.63,52.2,2486753.0
2021-03-05 21:30:00,52.5,53.68,51.93,53.49,2485442.0
2021-03-08 21:30:00,54.06,55.17,53.62,54.7,1744287.0
2021-03-09 21:30:00,54.76,55.54,54.3,54.31,1839584.0
2021-03-10 21:30:00,54.78,56.42,54.14,56.17,1840681.0
2021-03-11 21:30:00,56.17,56.58,55.38,55.72,2276072.0
2021-03-12 21:30:00,56.17,57.68,55.91,57.35,2233228.0
2021-03-15 20:30:00,57.26,58.08,57.117,58.0,1523136.0
2021-03-16 20:30:00,57.85,58.08,57.27,57.27,1516881.0
2021-03-17 20:30:00,57.63,58.4,57.41,57.94,1797733.0
2021-03-18 20:30:00,57.81,58.89,57.81,58.28,1606504.0
2021-03-19 20:30:00,58.09,59.39,58.01,58.68,3672059.0
2021-03-22 20:30:00,58.51,59.22,58.13,59.14,2043179.0
2021-03-23 20:30:00,59.02,59.19,57.55,57.7,1900540.0
2021-03-24 20:30:00,57.81,60.15,57.73,59.11,2048892.0
2021-03-25 20:30:00,59.32,60.66,58.61,60.39,1816500.0
2021-03-26 20:30:00,61.0,61.9,60.85,61.86,1926181.0
2021-03-29 20:30:00,61.71,62.76,61.55,62.46,1989366.0
2021-03-30 20:30:00,62.51,62.96,61.945,62.28,1550255.0
2021-03-31 20:30:00,61.8,62.07,60.73,60.75,2311781.0
2021-04-01 20:30:00,60.58,60.93,59.4051,60.88,1610413.0
2021-04-05 20:30:00,61.05,61.2117,60.07,60.54,1871371.0
2021-04-06 20:30:00,60.79,61.08,60.17,60.24,1410519.0
2021-04-07 20:30:00,60.36,60.78,60.14,60.7,1288145.0
2021-04-08 20:30:00,60.29,60.59,58.815,59.25,1708946.0
2021-04-09 20:30:00,59.43,60.05,59.34,60.05,1284168.0
2021-04-12 20:30:00,60.05,61.16,60.05,60.86,1645282.0
2021-04-13 20:30:00,60.73,60.73,59.38,60.14,1824510.0
2021-04-14 20:30:00,59.97,61.12,59.96,60.82,1343193.0
2021-04-15 20:30:00,60.55,61.09,60.41,60.87,1777146.0
2021-04-16 20:30:00,61.05,61.455,60.425,61.31,1660351.0
2021-04-19 20:30:00,61.58,61.77,60.89,61.23,1480508.0
2021-04-20 20:30:00,60.5,61.3,60.41,61.05,1198032.0
2021-04-21 20:30:00,61.53,62.11,61.33,61.71,1413941.0
2021-04-22 20:30:00,61.72,61.95,60.6,60.69,1867767.0
2021-04-23 20:30:00,60.7,61.57,60.1925,61.41,1350921.0
2021-04-26 20:30:00,61.57,61.57,60.29,60.48,1527574.0
2021-04-27 20:30:00,60.26,60.26,59.42,59.76,1742416.0
2021-04-28 20:30:00,59.59,60.79,59.56,60.08,1418793.0
2021-04-29 20:30:00,60.3,60.73,60.29,60.66,1279664.0
2021-04-30 20:30:00,60.88,60.91,60.12,60.34,2070886.0
2021-05-03 20:30:00,60.9,61.855,60.55,61.55,2192282.0
2021-05-04 20:30:00,61.6,62.04,61.27,62.02,1910101.0
2021-05-05 20:30:00,61.4,61.405,59.45,60.83,2991386.0
2021-05-06 20:30:00,55.69,56.65,54.13,56.54,7120494.0
2021-05-07 20:30:00,56.55,58.73,56.55,58.16,3158291.0
2021-05-10 20:30:00,56.86,59.515,56.86,58.33,3285010.0
2021-05-11 20:30:00,58.0,58.19,55.95,56.17,2441385.0
2021-05-12 20:30:00,56.37,56.82,55.55,55.81,2666699.0
2021-05-13 20:30:00,55.8,56.59,55.6,56.1,2565923.0
2021-05-14 20:30:00,56.25,56.44,55.91,56.34,2137148.0
2021-05-17 20:30:00,56.18,56.81,55.7699,56.45,1964208.0
2021-05-18 20:30:00,56.27,56.545,55.6525,56.27,1782245.0
2021-05-19 20:30:00,55.95,56.46,55.24,55.94,3432525.0
2021-05-20 20:30:00,55.98,57.445,55.76,57.05,2246652.0
2021-05-21 20:30:00,57.36,58.28,57.19,57.34,1697926.0
2021-05-24 20:30:00,57.64,57.64,56.62,56.63,1260549.0
2021-05-25 20:30:00,56.41,56.68,55.53,55.62,2076951.0
2021-05-26 20:30:00,55.58,56.23,54.77,56.08,2531200.0
2021-05-27 20:30:00,56.41,56.64,55.96,56.07,3727193.0
2021-05-28 20:30:00,56.35,56.3914,55.91,56.07,1612951.0
2021-06-01 20:30:00,56.095,56.26,55.275,55.56,1808731.0
2021-06-02 20:30:00,55.93,56.46,55.44,56.19,2220450.0
2021-06-03 20:30:00,55.89,56.615,55.89,56.35,1373354.0
2021-06-04 20:30:00,56.58,56.64,56.22,56.56,1789749.0
2021-06-07 20:30:00,56.87,59.09,56.74,58.9,3846023.0
2021-06-08 20:30:00,58.95,59.49,58.14,58.84,3566736.0
2021-06-09 20:30:00,59.05,59.37,58.51,58.56,1735532.0
2021-06-10 20:30:00,58.85,60.16,58.54,60.01,2860229.0
2021-06-11 20:30:00,60.32,60.38,59.124,59.31,3762472.0
2021-06-14 20:30:00,59.09,59.33,57.73,58.33,2781216.0
2021-06-15 20:30:00,58.38,58.63,57.95,58.27,1812298.0
2021-06-16 20:30:00,58.26,58.56,57.33,57.5,2118598.0
2021-06-17 20:30:00,57.83,57.83,56.31,57.39,2345854.0
2021-06-18 20:30:00,56.76,57.01,55.94,56.05,4153149.0
2021-06-21 20:30:00,56.3,56.91,56.14,56.68,2025774.0
2021-06-22 20:30:00,56.65,56.84,56.03,56.69,2349451.0
2021-06-23 20:30:00,56.82,56.83,55.63,56.28,2425345.0
2021-06-24 20:30:00,56.38,56.51,55.91,56.19,1421790.0
2021-06-25 20:30:00,56.21,57.6,55.91,57.28,5591740.0
2021-06-28 20:30:00,57.28,57.51,56.7,57.25,1705452.0
2021-06-29 20:30:00,57.46,58.15,57.26,57.4,2040504.0
2021-06-30 20:30:00,57.0,57.205,56.57,57.09,2120292.0
2021-07-01 20:30:00,57.14,58.4,57.14,57.94,1628533.0
2021-07-02 20:30:00,57.82,58.01,57.19,57.88,1436739.0
2021-07-06 20:30:00,57.63,57.685,56.25,56.95,2097655.0
2021-07-07 20:30:00,56.9,57.425,56.66,57.02,1859730.0
2021-07-08 20:30:00,56.57,56.8707,55.94,56.62,2203360.0
2021-07-09 20:30:00,57.13,57.49,56.94,57.18,1299712.0
2021-07-12 20:30:00,56.94,57.7,56.74,57.44,1296077.0
2021-07-13 20:30:00,57.35,57.69,56.86,57.1,1347423.0
2021-07-14 20:30:00,57.14,57.355,56.74,57.07,1189435.0
2021-07-15 20:30:00,56.71,57.165,56.71,56.77,975032.0
2021-07-16 20:30:00,56.78,57.29,56.435,56.82,1332714.0
2021-07-19 20:30:00,56.4,56.75,55.5,56.02,1718268.0
2021-07-20 20:30:00,57.88,59.87,57.42,57.69,4506098.0
2021-07-21 20:30:00,57.93,58.62,57.66,58.6,4157155.0
2021-07-22 20:30:00,58.45,59.135,58.12,59.03,2037425.0
2021-07-23 20:30:00,59.45,59.71,59.08,59.2,1466146.0
2021-07-26 20:30:00,59.23,59.94,58.745,58.98,1556147.0
2021-07-27 20:30:00,58.8,59.78,58.39,59.42,1498632.0
2021-07-28 20:30:00,59.36,59.955,59.06,59.65,1614333.0
2021-07-29 20:30:00,60.0,60.24,59.74,59.99,1185391.0
2021-07-30 20:30:00,59.99,60.38,59.15,59.38,4612070.0
2021-08-02 20:30:00,59.43,59.93,59.09,59.57,2136406.0
2021-08-03 20:30:00,59.51,59.785,58.65,59.63,3234378.0
2021-08-04 20:30:00,59.17,59.93,58.91,58.98,2574871.0
2021-08-05 20:30:00,54.91,55.1999,50.515,50.57,9623778.0
2021-08-06 20:30:00,50.46,51.62,50.18,50.99,4583282.0
2021-08-09 20:30:00,50.98,52.21,50.385,50.7,3165589.0
2021-08-10 20:30:00,50.45,51.06,49.37,51.01,4340340.0
2021-08-11 20:30:00,51.2,52.04,50.88,51.69,3449032.0
2021-08-12 20:30:00,51.6,52.09,50.99,52.08,1807512.0
2021-08-13 20:30:00,52.08,52.29,51.6406,51.7,1835626.0
2021-08-16 20:30:00,51.7,52.55,51.416,52.43,2395946.0
2021-08-17 20:30:00,52.3,52.67,51.6989,52.61,1701690.0
2021-08-18 20:30:00,52.55,52.55,51.52,51.53,1795967.0
2021-08-19 20:30:00,51.31,52.04,50.99,51.32,2251229.0
2021-08-20 20:30:00,51.09,51.875,50.85,51.39,2980410.0
2021-08-23 20:30:00,51.62,52.39,51.49,52.18,2216205.0
2021-08-24 20:30:00,52.19,52.21,51.49,51.77,2122938.0
2021-08-25 20:30:00,51.76,52.045,51.0,51.77,1899292.0
2021-08-26 20:30:00,51.59,51.74,50.915,51.3,2169589.0
2021-08-27 20:30:00,51.47,52.08,51.3,51.74,1786774.0
2021-08-30 20:30:00,51.75,51.96,51.495,51.51,1725829.0
2021-08-31 20:30:00,51.38,52.56,51.34,52.49,2920254.0
2021-09-01 20:30:00,52.4,52.47,51.52,52.4,2801382.0
2021-09-02 20:30:00,52.4,53.6863,52.4,53.57,2025837.0
2021-09-03 20:30:00,53.56,53.86,53.37,53.64,1629578.0
2021-09-07 20:30:00,53.6,53.96,53.14,53.72,2133003.0
2021-09-08 20:30:00,53.55,53.88,53.21,53.49,1663177.0
2021-09-09 20:30:00,53.465,53.73,53.13,53.29,1626447.0
2021-09-10 20:30:00,53.4,53.5284,52.54,52.82,2330698.0
2021-09-13 20:30:00,53.0,53.495,52.78,52.95,2460170.0
2021-09-14 20:30:00,53.07,53.35,52.04,52.13,3163560.0
2021-09-15 20:30:00,52.01,53.1,51.69,53.02,2591623.0
2021-09-16 20:30:00,53.13,53.39,52.43,52.73,2703745.0
2021-09-17 20:30:00,52.59,53.465,52.35,52.57,7119385.0
2021-09-20 20:30:00,52.0,52.32,51.01,51.55,3503357.0
2021-09-21 20:30:00,51.85,52.19,50.85,51.04,2935299.0
2021-09-22 20:30:00,51.42,51.73,50.99,51.01,2271756.0
2021-09-23 20:30:00,51.13,51.95,51.05,51.36,1964294.0
2021-09-24 20:30:00,51.37,51.82,51.16,51.19,2031268.0
2021-09-27 20:30:00,51.21,51.89,51.21,51.5,3299602.0
2021-09-28 20:30:00,51.5,51.84,50.96,51.17,5819354.0
2021-09-29 20:30:00,51.44,51.785,51.11,51.59,6371653.0
2021-09-30 20:30:00,51.5,51.62,49.44,49.46,6558473.0
2021-10-01 20:30:00,49.68,50.18,48.84,50.01,7010383.0
2021-10-04 20:30:00,49.81,50.79,49.185,49.53,7179685.0
2021-10-05 20:30:00,49.57,49.93,48.91,49.18,4247056.0
2021-10-06 20:30:00,48.86,49.02,47.745,48.66,4004177.0
2021-10-07 20:30:00,48.88,49.76,48.847,49.0,2773809.0
2021-10-08 20:30:00,48.96,49.32,48.68,48.71,2257913.0
2021-10-11 20:30:00,48.61,49.25,48.6,48.72,2738482.0
2021-10-12 20:30:00,48.76,48.84,47.99,48.06,3006149.0
2021-10-13 20:30:00,47.94,48.15,47.2,47.74,3613152.0
2021-10-14 20:30:00,48.38,48.685,48.0,48.63,3027324.0
2021-10-15 20:30:00,48.87,49.26,48.53,48.54,2014195.0
2021-10-18 20:30:00,48.28,48.28,47.33,47.63,2818525.0
2021-10-19 20:30:00,47.93,48.76,47.86,48.63,3783122.0
2021-10-20 20:30:00,48.73,49.555,48.72,49.26,5149910.0
2021-10-21 20:30:00,49.28,49.42,48.53,49.06,3644372.0
2021-10-22 20:30:00,49.11,49.6,49.01,49.57,2198448.0
2021-10-25 20:30:00,49.73,49.73,48.68,48.73,2409995.0
2021-10-26 20:30:00,48.98,49.0,48.28,48.7,2417096.0
2021-10-27 20:30:00,48.93,48.93,47.405,47.44,3435026.0
2021-10-28 20:30:00,47.575,48.03,47.15,47.72,4778704.0
2021-10-29 20:30:00,47.5,48.09,47.48,47.81,8410502.0
2021-11-01 20:30:00,47.71,48.745,47.53,48.62,4073707.0
2021-11-02 20:30:00,49.3,49.91,48.41,48.89,4505044.0
2021-11-03 20:30:00,48.89,50.53,48.71,50.4,4167656.0
2021-11-04 20:30:00,50.29,50.345,48.91,49.16,2798909.0
2021-11-05 20:30:00,49.46,50.25,49.201,49.54,2707302.0
2021-11-08 21:30:00,49.54,50.15,49.54,49.63,3651925.0
2021-11-09 21:30:00,50.47,50.5494,48.71,49.32,3696611.0
2021-11-10 21:30:00,49.23,50.4,49.23,50.3,3368028.0
2021-11-11 21:30:00,50.11,50.32,49.51,49.88,3614850.0
2021-11-12 21:30:00,50.35,51.48,50.21,51.44,3776405.0
2021-11-15 21:30:00,51.41,51.48,50.35,50.46,2539928.0
2021-11-16 21:30:00,50.5,50.82,50.02,50.04,2274364.0
2021-11-17 21:30:00,49.99,50.24,49.715,49.73,2000910.0
2021-11-18 21:30:00,49.77,49.77,49.0824,49.33,2254819.0
2021-11-19 21:30:00,49.35,49.91,48.43,48.44,3982539.0
2021-11-22 21:30:00,48.41,48.94,47.76,48.29,3304672.0
2021-11-23 21:30:00,48.22,49.33,48.165,49.14,3642408.0
2021-11-24 21:30:00,49.14,49.7,48.62,48.78,2478704.0
2021-11-26 21:30:00,48.2,48.25,47.14,47.6,2473555.0
2021-11-29 21:30:00,47.76,48.25,47.28,47.47,3151875.0
2021-11-30 21:30:00,47.1,47.57,46.2,46.23,7108340.0
2021-12-01 21:30:00,46.91,47.105,45.85,45.87,3843306.0
2021-12-02 21:30:00,46.37,47.25,46.28,46.81,3424384.0
2021-12-03 21:30:00,46.99,47.71,46.787,47.02,2664922.0
2021-12-06 21:30:00,47.71,48.36,47.51,47.7,3105980.0
2021-12-07 21:30:00,47.8,48.395,47.54,48.1,3773665.0
2021-12-08 21:30:00,48.29,48.71,47.965,48.25,3112559.0
2021-12-09 21:30:00,48.26,48.84,48.08,48.48,2103055.0
2021-12-10 21:30:00,48.71,48.83,48.02,48.49,2087827.0
2021-12-13 21:30:00,48.34,48.79,48.01,48.44,2404615.0
2021-12-14 21:30:00,48.37,49.47,48.335,48.93,3750541.0
2021-12-15 21:30:00,49.065,49.4,48.75,49.21,2891405.0
2021-12-16 21:30:00,49.31,50.07,49.28,49.44,2870126.0
2021-12-17 21:30:00,49.59,49.89,48.92,49.65,6852787.0
2021-12-20 21:30:00,49.41,49.47,48.41,49.13,4162934.0
2021-12-21 21:30:00,49.5,50.26,49.48,49.72,3221698.0
2021-12-22 21:30:00,49.8,50.25,49.29,50.18,2545682.0
2021-12-23 21:30:00,50.38,51.23,50.21,50.75,2050999.0
2021-12-27 21:30:00,50.8,51.41,50.71,51.36,1419492.0
2021-12-28 21:30:00,51.22,51.88,51.22,51.72,1405628.0
2021-12-29 21:30:00,51.67,52.22,51.67,52.05,1430732.0
2021-12-30 21:30:00,52.34,52.48,52.1,52.17,1640078.0
2021-12-31 21:30:00,51.78,52.01,51.49,51.49,1727206.0
2022-01-03 21:30:00,51.52,52.035,51.23,52.01,2378823.0
2022-01-04 21:30:00,52.04,52.87,52.03,52.6,3477386.0
2022-01-05 21:30:00,52.62,54.45,52.62,53.32,5112367.0
2022-01-06 21:30:00,53.66,53.79,52.425,52.51,2894911.0
2022-01-07 21:30:00,52.62,54.39,52.57,54.24,3665462.0
2022-01-10 21:30:00,50.88,51.27,48.42,51.03,8772253.0
2022-01-11 21:30:00,50.95,52.77,50.24,52.71,4485416.0
2022-01-12 21:30:00,52.58,52.58,51.16,51.68,4126644.0
2022-01-13 21:30:00,51.64,52.45,51.45,52.24,2977358.0
2022-01-14 21:30:00,52.19,53.11,51.87,53.09,2343714.0
2022-01-18 21:30:00,53.11,53.31,52.33,52.59,2751278.0
2022-01-19 21:30:00,52.39,52.91,52.02,52.07,1977775.0
2022-01-20 21:30:00,52.09,52.7704,51.58,51.61,2525268.0
2022-01-21 21:30:00,51.44,51.76,50.365,50.56,3230185.0
2022-01-24 21:30:00,50.01,50.95,49.09,50.81,3532209.0
2022-01-25 21:30:00,50.495,51.03,49.47,50.75,2249248.0
2022-01-26 21:30:00,50.84,51.68,50.49,50.8,2671384.0
2022-01-27 21:30:00,51.2,52.36,51.19,52.31,3317755.0
2022-01-28 21:30:00,52.28,52.66,51.44,52.63,2241607.0
2022-01-31 21:30:00,52.03,52.03,50.79,51.57,4975752.0
2022-02-01 21:30:00,51.41,51.64,50.87,51.33,4598414.0
2022-02-02 21:30:00,51.11,51.97,50.99,51.6,3880031.0
2022-02-03 21:30:00,51.58,52.74,51.11,51.43,3115578.0
2022-02-04 21:30:00,50.99,52.245,50.81,51.96,2935525.0
2022-02-07 21:30:00,52.17,53.04,51.3,52.63,2660993.0
2022-02-08 21:30:00,52.85,54.285,52.66,54.15,3370467.0
2022-02-09 21:30:00,54.22,54.25,53.75,53.97,1868479.0
2022-02-10 21:30:00,53.65,53.92,52.575,52.81,2334291.0
2022-02-11 21:30:00,52.67,53.0,52.35,52.55,2884152.0
2022-02-14 21:30:00,52.55,52.615,51.42,52.29,2497769.0
2022-02-15 21:30:00,52.81,53.78,52.7,53.53,2037551.0
2022-02-16 21:30:00,53.24,54.66,53.175,54.54,3044967.0
2022-02-17 21:30:00,54.25,54.99,54.06,54.51,3240050.0
2022-02-18 21:30:00,54.5,55.51,54.07,54.18,2610410.0
2022-02-22 21:30:00,54.41,54.53,53.63,53.92,2223912.0
2022-02-23 21:30:00,54.25,54.33,53.35,53.45,2325465.0
2022-02-24 21:30:00,52.71,52.71,51.32,52.48,2743475.0
2022-02-25 21:30:00,52.98,54.38,52.847,54.2,2512958.0
2022-02-28 21:30:00,53.31,54.17,52.9,54.01,3847150.0
2022-03-01 21:30:00,54.0,54.0,52.245,52.83,2702023.0
2022-03-02 21:30:00,53.08,53.69,52.84,53.46,2018679.0
2022-03-03 21:30:00,53.53,54.075,53.19,53.81,2240570.0
2022-03-04 21:30:00,52.92,54.03,52.635,54.0,2464901.0
2022-03-07 21:30:00,53.69,53.69,52.38,52.43,3123523.0
2022-03-08 21:30:00,52.52,53.3,52.05,52.43,2437832.0
2022-03-09 21:30:00,53.49,53.835,53.09,53.19,1576768.0
2022-03-10 21:30:00,52.78,53.32,52.51,53.17,1595695.0
2022-03-11 21:30:00,52.95,53.41,52.53,52.57,1649396.0
2022-03-14 20:30:00,53.15,53.29,51.99,52.61,2295067.0
2022-03-15 20:30:00,52.84,53.99,52.61,53.93,2442503.0
2022-03-16 20:30:00,54.22,54.44,52.727,53.77,3224215.0
2022-03-17 20:30:00,53.45,57.19,53.17,57.19,6567281.0
2022-03-18 20:30:00,57.28,57.37,56.18,57.29,6504999.0
2022-03-21 20:30:00,57.49,58.47,57.22,57.6,3284649.0
2022-03-22 20:30:00,58.1,58.44,57.44,57.75,2714514.0
2022-03-23 20:30:00,57.8,58.13,56.71,56.76,2480304.0
2022-03-24 20:30:00,56.73,57.56,56.41,57.27,1818982.0
2022-03-25 20:30:00,57.39,57.98,57.065,57.96,1725098.0
2022-03-28 20:30:00,57.75,57.85,56.84,57.8,1797721.0
2022-03-29 20:30:00,58.0,58.16,56.9,57.61,1942946.0
2022-03-30 20:30:00,57.73,58.34,57.25,57.63,1971674.0
2022-03-31 20:30:00,57.0,57.38,56.68,56.7,1952923.0
2022-04-01 20:30:00,56.74,57.61,56.59,57.6,1998406.0
2022-04-04 20:30:00,57.28,57.57,56.35,56.7,2560197.0
2022-04-05 20:30:00,56.67,57.69,56.67,56.83,2037858.0
2022-04-06 20:30:00,56.78,57.64,56.67,57.41,2095799.0
2022-04-07 20:30:00,57.3,59.42,57.2,59.38,4154866.0
2022-04-08 20:30:00,59.88,62.15,59.58,61.9,4910991.0
2022-04-11 20:30:00,61.95,62.75,61.16,61.38,3036454.0
2022-04-12 20:30:00,62.26,63.51,61.88,63.3,4212437.0
2022-04-13 20:30:00,63.08,63.61,62.13,63.03,2744505.0
2022-04-14 20:30:00,63.4,64.12,62.905,62.96,2924855.0
2022-04-18 20:30:00,62.55,63.67,62.55,62.98,1546436.0
2022-04-19 20:30:00,63.1,63.45,62.41,62.72,1807916.0
2022-04-20 20:30:00,62.88,64.209,62.88,63.86,1900065.0
2022-04-21 20:30:00,64.04,64.53,63.42,63.75,2738464.0
2022-04-22 20:30:00,62.93,63.1,61.5,61.57,2360696.0
2022-04-25 20:30:00,61.25,61.63,59.82,61.24,2661181.0
2022-04-26 20:30:00,60.88,62.06,60.6,60.63,1950661.0
2022-04-27 20:30:00,60.63,60.74,59.61,59.83,2678449.0
2022-04-28 20:30:00,60.12,60.42,58.97,59.82,2146688.0
2022-04-29 20:30:00,59.55,59.55,57.89,58.05,7224452.0
2022-05-02 20:30:00,58.78,59.01,57.2,58.08,3049188.0
2022-05-03 20:30:00,58.47,59.63,58.47,58.79,2295810.0
2022-05-04 20:30:00,59.45,60.92,58.52,60.49,3889570.0
2022-05-05 20:30:00,55.04,59.2,54.41,57.87,6229015.0
2022-05-06 20:30:00,57.27,58.595,57.08,58.27,2969685.0
2022-05-09 20:30:00,57.77,57.89,56.53,56.97,3340866.0
2022-05-10 20:30:00,57.18,57.43,55.12,56.05,3113134.0
2022-05-11 20:30:00,56.44,57.79,55.84,55.9,2742458.0
2022-05-12 20:30:00,55.5,55.52,53.751,54.98,2749276.0
2022-05-13 20:30:00,55.22,55.85,54.79,55.61,2235045.0
2022-05-16 20:30:00,55.94,56.89,55.66,56.14,2689909.0
2022-05-17 20:30:00,56.5,56.77,55.88,56.7,2038655.0
2022-05-18 20:30:00,57.67,57.92,55.48,55.68,2452135.0
2022-05-19 20:30:00,55.0,56.16,54.49,55.83,2550047.0
2022-05-20 20:30:00,55.87,56.16,54.67,55.8,2259371.0
2022-05-23 20:30:00,56.55,57.45,55.99,56.96,2083482.0
2022-05-24 20:30:00,57.01,57.3,55.68,57.11,1482735.0
2022-05-25 20:30:00,56.94,57.965,56.6,57.74,1947692.0
2022-05-26 20:30:00,56.8,58.56,56.3801,58.02,2207544.0
2022-05-27 20:30:00,57.91,58.31,57.601,57.7,1645177.0
2022-05-31 20:30:00,56.79,57.11,55.92,56.32,3702141.0
2022-06-01 20:30:00,56.71,56.96,54.52,55.43,1985395.0
2022-06-02 20:30:00,55.45,55.47,53.63,54.5,2260891.0
2022-06-03 20:30:00,54.43,54.5,53.72,53.82,1722388.0
2022-06-06 20:30:00,53.66,54.15,53.3,53.74,1683558.0
2022-06-07 20:30:00,53.76,54.03,53.21,53.91,1296555.0
2022-06-08 20:30:00,53.62,54.14,53.46,53.55,1289558.0
2022-06-09 20:30:00,53.15,53.34,52.31,52.35,1994507.0
2022-06-10 20:30:00,51.78,53.97,51.56,53.46,2400760.0
2022-06-13 20:30:00,52.57,53.15,51.09,51.49,1881430.0
2022-06-14 20:30:00,51.37,51.92,50.6,51.11,2284657.0
2022-06-15 20:30:00,51.29,51.86,50.49,51.04,2255115.0
2022-06-16 20:30:00,50.72,50.78,49.7,50.48,2231477.0
2022-06-17 20:30:00,50.66,51.4,50.4,50.7,4222978.0
2022-06-21 20:30:00,51.39,51.87,50.66,51.49,2090070.0
2022-06-22 20:30:00,51.2,52.78,50.94,52.59,2197073.0
2022-06-23 20:30:00,52.82,53.535,52.55,53.02,1607488.0
2022-06-24 20:30:00,53.46,54.985,52.85,54.45,5741962.0
2022-06-27 20:30:00,54.55,54.91,53.76,54.86,1944901.0
2022-06-28 20:30:00,55.0,55.38,53.61,53.82,1381607.0
2022-06-29 20:30:00,54.31,54.465,53.47,53.69,1627372.0
2022-06-30 20:30:00,52.86,52.95,51.96,52.27,2041899.0
2022-07-01 20:30:00,52.48,53.18,51.84,53.1,1930812.0
2022-07-05 20:30:00,52.83,52.91,51.32,52.25,1703532.0
2022-07-06 20:30:00,52.23,53.26,51.92,52.64,2970159.0
2022-07-07 20:30:00,52.54,52.96,52.13,52.75,2191882.0
2022-07-08 20:30:00,52.92,53.82,52.74,52.92,1398957.0
2022-07-11 20:30:00,52.75,53.32,52.58,52.99,1239125.0
2022-07-12 20:30:00,52.99,53.91,52.78,53.2,2154056.0
2022-07-13 20:30:00,52.72,53.27,52.59,52.9,2068931.0
2022-07-14 20:30:00,52.39,54.295,51.95,54.05,2627119.0
2022-07-15 20:30:00,54.79,55.23,54.27,55.21,2011772.0
2022-07-18 20:30:00,55.51,55.51,54.485,54.74,2545971.0
2022-07-19 20:30:00,55.09,55.94,54.77,55.68,1679386.0
2022-07-20 20:30:00,55.86,56.05,55.18,55.69,2136659.0
2022-07-21 20:30:00,55.53,56.16,55.3,56.13,1973430.0
2022-07-22 20:30:00,56.63,57.37,56.26,56.99,2222534.0
2022-07-25 20:30:00,57.09,57.89,57.01,57.28,1951605.0
2022-07-26 20:30:00,57.54,57.99,57.28,57.8,1734633.0
2022-07-27 20:30:00,57.56,58.33,57.26,58.11,2007041.0
2022-07-28 20:30:00,58.13,58.99,57.3014,58.88,2196588.0
2022-07-29 20:30:00,58.9,59.74,58.72,59.56,4198442.0
2022-08-01 20:30:00,59.49,60.645,59.23,60.32,3096219.0
2022-08-02 20:30:00,60.51,60.54,59.05,59.76,3591646.0
2022-08-03 20:30:00,60.17,60.405,59.36,60.17,2868078.0
2022-08-04 20:30:00,60.4,61.1707,60.15,60.24,2072708.0
2022-08-05 20:30:00,60.06,61.53,60.0,61.51,1947226.0
2022-08-08 20:30:00,61.69,62.23,61.26,61.49,2706831.0
2022-08-09 20:30:00,61.68,62.23,61.5,61.77,2004642.0
2022-08-10 20:30:00,62.16,62.76,61.901,62.75,2954196.0
2022-08-11 20:30:00,60.61,66.2,60.525,66.0,6881438.0
2022-08-12 20:30:00,65.82,69.55,65.82,69.32,5356994.0
2022-08-15 20:30:00,68.84,71.45,67.09,69.97,10335625.0
2022-08-16 20:30:00,69.85,71.11,69.02,70.14,3552337.0
2022-08-17 20:30:00,69.37,69.85,68.72,69.11,2061829.0
2022-08-18 20:30:00,69.36,69.66,68.3,68.8,1983785.0
2022-08-19 20:30:00,68.79,69.62,68.68,69.23,2907205.0
2022-08-22 20:30:00,69.07,69.21,67.85,67.91,1639175.0
2022-08-23 20:30:00,67.97,68.39,67.8,67.98,2181815.0
2022-08-24 20:30:00,68.03,68.935,67.82,68.75,1743088.0
2022-08-25 20:30:00,68.79,69.18,68.46,69.1,1563879.0
2022-08-26 20:30:00,69.09,69.38,67.58,67.6,1853414.0
2022-08-29 20:30:00,67.2,69.99,66.79,69.69,2150608.0
2022-08-30 20:30:00,69.87,70.57,69.22,69.84,2855137.0
2022-08-31 20:30:00,70.0,70.865,69.68,70.72,3445177.0
2022-09-01 20:30:00,70.42,71.55,70.29,71.32,2233890.0
2022-09-02 20:30:00,71.51,72.28,70.77,70.99,2133843.0
2022-09-06 20:30:00,71.2,71.42,68.73,69.51,3302955.0
2022-09-07 20:30:00,69.5,71.09,69.05,70.97,3105217.0
2022-09-08 20:30:00,70.97,71.2,69.73,70.63,2468233.0
2022-09-09 20:30:00,70.82,70.84,69.87,69.89,2065363.0
2022-09-12 20:30:00,69.88,70.13,68.83,69.03,2392731.0
2022-09-13 20:30:00,68.59,68.65,66.65,66.83,3422281.0
2022-09-14 20:30:00,66.97,67.38,66.11,66.74,4396878.0
2022-09-15 20:30:00,66.94,67.36,66.26,66.39,3542898.0
2022-09-16 20:30:00,66.14,67.03,65.9,66.86,7319427.0
2022-09-19 20:30:00,66.29,68.23,66.17,68.2,2746392.0
2022-09-20 20:30:00,67.94,68.31,67.3,67.79,3500703.0
2022-09-21 20:30:00,68.6,69.24,67.5,67.52,2049465.0
2022-09-22 20:30:00,67.61,67.78,66.71,67.27,1990647.0
2022-09-23 20:30:00,66.78,66.96,64.99,66.05,2140490.0
2022-09-26 20:30:00,65.73,66.49,65.43,65.77,2682466.0
2022-09-27 20:30:00,66.35,67.32,65.53,66.21,3325262.0
2022-09-28 20:30:00,69.16,69.6,67.55,69.29,4236614.0
2022-09-29 20:30:00,69.23,69.35,67.24,67.79,2924846.0
2022-09-30 20:30:00,67.61,67.95,66.54,66.68,3367983.0
2022-10-03 20:30:00,66.79,68.31,66.05,67.97,2618189.0
2022-10-04 20:30:00,68.54,69.84,68.14,69.82,3700684.0
2022-10-05 20:30:00,69.28,70.15,68.594,69.39,2505814.0
2022-10-06 20:30:00,69.21,69.93,69.01,69.44,2314209.0
2022-10-07 20:30:00,68.8,69.28,67.73,68.22,2669074.0
2022-10-10 20:30:00,68.28,69.05,68.14,68.78,2158551.0
2022-10-11 20:30:00,69.0,71.12,68.47,70.33,3185516.0
2022-10-12 20:30:00,70.09,70.4,67.86,67.86,3763129.0
2022-10-13 20:30:00,67.18,69.3,66.92,68.87,3322453.0
2022-10-14 20:30:00,69.36,69.71,67.68,68.08,2200738.0
2022-10-17 20:30:00,69.01,69.38,68.01,68.22,3685513.0
2022-10-18 20:30:00,69.18,70.68,69.1,70.66,3354586.0
2022-10-19 20:30:00,70.74,71.9,70.29,70.8,2035639.0
2022-10-20 20:30:00,70.72,70.94,69.8,70.77,2688548.0
2022-10-21 20:30:00,70.85,73.17,70.72,73.03,3086725.0
2022-10-24 20:30:00,73.67,74.52,73.15,73.8,2286404.0
2022-10-25 20:30:00,73.0,74.306,72.74,73.72,3451575.0
2022-10-26 20:30:00,74.55,75.45,74.1,74.91,2431684.0
2022-10-27 20:30:00,75.38,76.1,75.04,75.34,2187746.0
2022-10-28 20:30:00,75.68,77.195,75.61,77.14,2137024.0
2022-10-31 20:30:00,76.96,77.0,75.83,75.9,7830900.0
2022-11-01 20:30:00,75.99,76.5,74.73,75.39,3287074.0
2022-11-02 20:30:00,75.42,76.81,75.03,75.05,3093583.0
2022-11-03 20:30:00,74.61,76.18,74.02,75.67,3479023.0
2022-11-04 20:30:00,77.75,79.9,77.03,79.52,5580531.0
2022-11-07 21:30:00,79.3,81.57,78.04,80.98,3667531.0
2022-11-08 21:30:00,80.14,80.97,79.0,80.11,3612280.0
2022-11-09 21:30:00,80.0,81.21,79.61,80.17,2320277.0
2022-11-10 21:30:00,81.4,81.51,76.04,77.93,4865850.0
2022-11-11 21:30:00,78.07,78.25,73.08,75.27,6354133.0
2022-11-14 21:30:00,75.55,76.94,75.09,75.21,2932611.0
2022-11-15 21:30:00,75.34,76.135,74.0132,74.32,3267432.0
2022-11-16 21:30:00,74.56,75.69,74.34,75.18,2145788.0
2022-11-17 21:30:00,75.12,76.69,74.4,76.58,3750929.0
2022-11-18 21:30:00,77.11,78.13,76.89,77.68,2478583.0
2022-11-21 21:30:00,77.42,78.43,77.2,77.72,3273616.0
2022-11-22 21:30:00,78.56,79.5,78.38,78.89,1883403.0
2022-11-23 21:30:00,78.88,79.4,77.97,78.44,2046048.0
2022-11-25 21:30:00,79.01,79.72,78.5,78.95,1118711.0
2022-11-28 21:30:00,78.62,79.5599,78.1,78.46,2587772.0
2022-11-29 21:30:00,78.38,79.345,78.1,78.65,2522889.0
2022-11-30 21:30:00,78.49,80.225,77.92,80.17,6069414.0
2022-12-01 21:30:00,80.3,80.325,78.55,79.26,3337472.0
2022-12-02 21:30:00,79.18,81.48,78.63,80.88,2834707.0
2022-12-05 21:30:00,80.06,80.4,79.18,79.48,2115258.0
2022-12-06 21:30:00,79.31,79.95,78.61,79.4,3043628.0
2022-12-07 21:30:00,79.65,80.39,79.3,80.15,3502837.0
2022-12-08 21:30:00,80.15,81.27,79.99,80.78,2249046.0
2022-12-09 21:30:00,80.48,80.78,77.32,77.55,3839199.0
2022-12-12 21:30:00,77.9,79.52,77.29,79.52,2098598.0
2022-12-13 21:30:00,79.62,79.62,78.03,78.26,4000675.0
2022-12-14 21:30:00,78.57,78.97,77.61,78.55,2722088.0
2022-12-15 21:30:00,78.05,78.81,77.605,78.57,3131090.0
2022-12-16 21:30:00,77.96,79.39,77.84,79.28,8088402.0
2022-12-19 21:30:00,79.4,80.1293,78.93,79.34,2428242.0
2022-12-20 21:30:00,79.52,80.42,79.03,79.58,2359629.0
2022-12-21 21:30:00,80.03,80.69,79.66,80.0,1869256.0
2022-12-22 21:30:00,80.0,80.9,79.62,80.56,2024302.0
2022-12-23 21:30:00,80.45,80.75,79.63,80.05,1397120.0
2022-12-27 21:30:00,80.0,80.05,79.07,79.15,1903905.0
2022-12-28 21:30:00,79.32,79.6,78.5325,78.6,1670950.0
2022-12-29 21:30:00,79.05,79.05,77.49,77.72,2003748.0
2022-12-30 21:30:00,77.06,77.27,76.03,76.87,2415725.0
2023-01-03 21:30:00,76.46,76.75,75.3422,76.73,4060050.0
2023-01-04 21:30:00,76.71,77.05,75.95,77.0,2265853.0
2023-01-05 21:30:00,76.79,77.0,76.4,76.62,2725995.0
2023-01-06 21:30:00,77.28,78.66,76.99,78.64,2534504.0
2023-01-09 21:30:00,78.66,79.11,77.47,77.57,3070319.0
2023-01-10 21:30:00,77.95,78.35,77.15,78.13,1500736.0
2023-01-11 21:30:00,78.19,78.35,76.5,76.52,2227580.0
2023-01-12 21:30:00,76.37,77.04,75.885,76.52,1478365.0
2023-01-13 21:30:00,76.31,77.24,76.26,76.87,2920412.0
2023-01-17 21:30:00,76.72,77.585,76.28,76.42,2225662.0
2023-01-18 21:30:00,76.21,77.26,76.14,76.47,2142054.0
2023-01-19 21:30:00,76.54,76.7799,75.26,75.48,1949216.0
2023-01-20 21:30:00,75.9,76.63,74.72,75.82,1950125.0
2023-01-23 21:30:00,75.96,76.17,75.28,75.48,1520895.0
2023-01-24 21:30:00,75.05,75.4,73.86,74.85,1340746.0
2023-01-25 21:30:00,74.75,75.81,74.5,75.73,2329669.0
2023-01-26 21:30:00,75.94,77.95,75.59,77.88,2276136.0
2023-01-27 21:30:00,78.12,78.55,76.37,76.48,2214060.0
2023-01-30 21:30:00,76.83,77.53,76.5,77.24,2436848.0
2023-01-31 21:30:00,77.49,77.74,76.23,77.25,7346127.0
2023-02-01 21:30:00,77.0,77.44,75.67,75.72,3328043.0
2023-02-02 21:30:00,77.25,78.965,74.59,76.28,6160585.0
2023-02-03 21:30:00,79.37,80.44,77.22,78.67,3588833.0
2023-02-06 21:30:00,78.79,79.23,76.73,77.03,2184916.0
2023-02-07 21:30:00,77.05,78.75,76.61,78.61,3556190.0
2023-02-08 21:30:00,78.41,80.36,78.41,79.92,2386149.0
2023-02-09 21:30:00,80.11,80.39,77.94,78.26,2106372.0
2023-02-10 21:30:00,78.69,80.18,78.43,79.83,1352821.0
2023-02-13 21:30:00,79.8,80.21,79.01,79.46,2050373.0
2023-02-14 21:30:00,79.33,79.74,78.71,78.75,2459466.0
2023-02-15 21:30:00,78.49,78.79,77.95,78.58,1574308.0
2023-02-16 21:30:00,78.23,79.12,77.7159,78.64,1424714.0
2023-02-17 21:30:00,78.72,79.71,78.42,78.78,5193647.0
2023-02-21 21:30:00,78.5,78.685,77.79,78.17,2305736.0
2023-02-22 21:30:00,78.3,78.4,77.41,77.52,1815755.0
2023-02-23 21:30:00,77.52,78.43,77.34,77.7,2456032.0
2023-02-24 21:30:00,77.71,77.92,77.13,77.57,1838751.0
2023-02-27 21:30:00,77.78,78.04,77.09,77.41,2569350.0
2023-02-28 21:30:00,76.75,77.02,75.67,75.71,5323116.0
2023-03-01 21:30:00,75.45,76.13,75.21,75.98,1902234.0
2023-03-02 21:30:00,75.92,76.12,74.53,74.71,2249997.0
2023-03-03 21:30:00,75.07,75.24,74.17,75.2,1665129.0
2023-03-06 21:30:00,75.1,75.36,74.075,74.66,3206532.0
2023-03-07 21:30:00,74.79,74.96,72.94,72.97,2640352.0
2023-03-08 21:30:00,72.94,73.26,71.95,72.65,2804524.0
2023-03-09 21:30:00,72.96,72.96,70.885,71.29,2954563.0
2023-03-10 21:30:00,71.29,72.34,71.05,71.19,2167287.0
2023-03-13 20:30:00,70.45,71.46,70.01,70.1,3455474.0
2023-03-14 20:30:00,70.94,71.03,69.4,70.72,2521652.0
2023-03-15 20:30:00,69.87,70.01,68.96,69.82,2264911.0
2023-03-16 20:30:00,69.17,70.63,69.17,70.51,1606380.0
2023-03-17 20:30:00,70.49,70.49,68.84,69.62,4479127.0
2023-03-20 20:30:00,70.07,71.55,69.87,71.14,2255568.0
2023-03-21 20:30:00,71.79,72.38,71.29,72.26,2544531.0
2023-03-22 20:30:00,72.01,72.47,69.92,69.94,1925125.0
2023-03-23 20:30:00,69.85,70.013,68.69,69.01,1985675.0
2023-03-24 20:30:00,68.7,70.505,68.53,70.37,1994892.0
2023-03-27 20:30:00,71.42,71.565,70.57,71.24,2211990.0
2023-03-28 20:30:00,71.42,73.07,71.29,72.47,2623507.0
2023-03-29 20:30:00,72.7,74.75,72.52,74.6,3158097.0
2023-03-30 20:30:00,74.99,75.44,74.69,75.35,1696255.0
2023-03-31 20:30:00,75.27,75.8,74.8825,75.5,2318357.0
2023-04-03 20:30:00,75.79,76.96,75.49,76.71,1786820.0
2023-04-04 20:30:00,76.71,77.065,76.21,76.66,2624339.0
2023-04-05 20:30:00,77.04,79.5,76.925,79.42,2948840.0
2023-04-06 20:30:00,79.77,80.61,78.97,79.23,1855286.0
2023-04-10 20:30:00,79.16,79.65,78.94,79.62,1658395.0
2023-04-11 20:30:00,79.9,80.33,79.4,79.95,1570520.0
2023-04-12 20:30:00,79.62,79.885,78.47,79.15,1631128.0
2023-04-13 20:30:00,79.51,81.19,79.36,80.72,3776888.0
2023-04-14 20:30:00,80.68,80.85,80.11,80.63,1524300.0
2023-04-17 20:30:00,80.74,80.79,79.165,80.06,1887421.0
2023-04-18 20:30:00,80.36,80.38,79.28,79.45,1317846.0
2023-04-19 20:30:00,79.99,80.05,78.52,78.99,1432328.0
2023-04-20 20:30:00,79.02,80.09,78.8,80.09,1709239.0
2023-04-21 20:30:00,80.5,80.6,79.66,80.08,1691667.0
2023-04-24 20:30:00,79.99,81.105,79.69,81.0,1394278.0
2023-04-25 20:30:00,81.09,81.15,80.18,80.88,1371665.0
2023-04-26 20:30:00,80.43,80.99,79.65,80.39,1982291.0
2023-04-27 20:30:00,80.18,82.11,80.18,82.08,1658196.0
2023-04-28 20:30:00,81.67,82.44,81.67,82.1,2535013.0
2023-05-01 20:30:00,82.18,82.31,81.14,82.25,2021529.0
2023-05-02 20:30:00,82.06,82.64,81.14,82.36,2014102.0
2023-05-03 20:30:00,82.88,83.01,81.49,81.64,2165987.0
2023-05-04 20:30:00,79.04,81.44,77.56,80.83,3309350.0
2023-05-05 20:30:00,81.05,83.77,80.97,83.2,2739169.0
2023-05-08 20:30:00,83.39,84.29,82.77,84.15,1779223.0
2023-05-09 20:30:00,84.74,85.93,84.19,84.35,2105086.0
2023-05-10 20:30:00,84.44,85.29,84.05,85.18,1996940.0
2023-05-11 20:30:00,85.2,85.4,84.55,84.84,1626553.0
2023-05-12 20:30:00,84.86,85.065,84.31,84.77,1185871.0
2023-05-15 20:30:00,84.72,85.4,84.19,85.32,1575911.0
2023-05-16 20:30:00,85.42,86.195,85.21,85.8,1557390.0
2023-05-17 20:30:00,86.29,87.025,85.77,86.56,2466805.0
2023-05-18 20:30:00,86.46,86.46,84.7,85.56,2945691.0
2023-05-19 20:30:00,85.87,86.46,85.53,85.93,1552504.0
2023-05-22 20:30:00,85.99,86.51,85.21,85.98,1795780.0
2023-05-23 20:30:00,85.78,86.07,84.68,84.79,1516928.0
2023-05-24 20:30:00,84.89,85.5,84.15,84.96,1424147.0
2023-05-25 20:30:00,84.56,85.105,83.7619,84.7,1878654.0
2023-05-26 20:30:00,84.7,85.0205,82.6,82.83,1936483.0
2023-05-30 20:30:00,82.18,82.7232,81.1,81.33,2422681.0
2023-05-31 20:30:00,80.9,82.81,80.9,82.3,6129667.0
2023-06-01 20:30:00,82.84,84.46,82.75,83.42,3013882.0
2023-06-02 20:30:00,83.64,84.72,83.27,84.59,2447178.0
2023-06-05 20:30:00,84.67,85.065,84.08,84.76,1526009.0
2023-06-06 20:30:00,84.79,85.11,83.19,84.34,2300671.0
2023-06-07 20:30:00,84.34,84.34,83.07,83.27,2240390.0
2023-06-08 20:30:00,84.36,86.13,83.78,85.33,3092666.0
2023-06-09 20:30:00,86.43,87.13,85.52,86.77,3026176.0
2023-06-12 20:30:00,86.73,87.365,86.31,87.18,1988740.0
2023-06-13 20:30:00,87.36,88.59,87.02,88.02,3133210.0
2023-06-14 20:30:00,87.53,87.93,86.095,86.97,2837534.0
2023-06-15 20:30:00,87.29,89.45,86.97,89.16,2498839.0
2023-06-16 20:30:00,89.91,91.27,89.64,91.25,5134019.0
2023-06-20 20:30:00,91.14,92.09,90.9,91.24,2530400.0
2023-06-21 20:30:00,91.75,92.34,91.13,91.99,2398218.0
2023-06-22 20:30:00,91.93,92.565,91.42,92.52,1991796.0
2023-06-23 20:30:00,92.32,92.89,91.6,91.72,5393827.0
2023-06-26 20:30:00,91.73,92.6,91.46,92.29,3133130.0
2023-06-27 20:30:00,90.81,93.31,90.02,93.09,2002983.0
2023-06-28 20:30:00,93.18,94.31,92.93,93.81,2262431.0
2023-06-29 20:30:00,93.84,94.295,93.4,93.92,1695960.0
2023-06-30 20:30:00,93.8,95.1,93.585,94.57,2384805.0
2023-07-03 20:30:00,93.83,94.8,93.42,94.59,1029711.0
2023-07-05 20:30:00,94.53,94.67,94.07,94.63,1892278.0
2023-07-06 20:30:00,94.42,94.55,93.91,94.25,3613489.0
2023-07-07 20:30:00,94.08,94.38,93.61,93.97,2549130.0
2023-07-10 20:30:00,93.16,93.81,92.732,93.69,2678469.0
2023-07-11 20:30:00,93.72,94.49,93.45,94.36,1495245.0
2023-07-12 20:30:00,94.02,94.15,93.18,93.57,1706357.0
2023-07-13 20:30:00,93.6,94.25,93.37,93.42,1340612.0
2023-07-14 20:30:00,93.87,94.41,92.89,93.14,1735468.0
2023-07-17 20:30:00,93.05,93.83,92.9,93.47,1131003.0
2023-07-18 20:30:00,93.34,93.86,92.8701,93.19,1560197.0
2023-07-19 20:30:00,93.12,93.46,91.33,92.15,2543706.0
2023-07-20 20:30:00,92.91,94.12,92.6802,94.1,1915589.0
2023-07-21 20:30:00,94.3,94.66,93.16,93.19,1780329.0
2023-07-24 20:30:00,93.2,93.93,92.72,93.05,1514361.0
2023-07-25 20:30:00,92.95,93.8,92.59,93.73,1521352.0
2023-07-26 20:30:00,93.06,93.495,92.07,92.28,2650672.0
2023-07-27 20:30:00,92.28,92.98,92.2,92.43,1618812.0
2023-07-28 20:30:00,92.52,92.67,91.57,91.69,1807692.0
2023-07-31 20:30:00,92.19,92.19,90.92,91.47,1992803.0
2023-08-01 20:30:00,91.31,91.95,91.12,91.64,1528652.0
2023-08-02 20:30:00,91.59,93.19,91.41,93.09,2344530.0
2023-08-03 20:30:00,93.19,94.19,92.995,93.77,1725749.0
2023-08-04 20:30:00,93.58,93.91,91.23,91.25,2503760.0
2023-08-07 20:30:00,91.75,92.89,91.73,92.22,1502398.0
2023-08-08 20:30:00,92.53,92.99,91.5,91.76,2059185.0
2023-08-09 20:30:00,92.55,92.94,91.79,91.97,1945514.0
2023-08-10 20:30:00,91.97,93.025,91.93,92.34,1609260.0
2023-08-11 20:30:00,92.48,92.89,92.19,92.38,1539734.0
2023-08-14 20:30:00,92.73,93.125,92.17,92.99,2156553.0
2023-08-15 20:30:00,94.25,95.45,90.49,90.57,4357600.0
2023-08-16 20:30:00,90.56,91.1599,90.09,90.4,2984737.0
2023-08-17 20:30:00,88.69,88.75,85.695,86.39,5412407.0
2023-08-18 20:30:00,86.48,86.81,85.61,85.85,5215169.0
2023-08-21 20:30:00,85.89,87.35,85.7,86.94,2964410.0
2023-08-22 20:30:00,87.0,87.24,85.455,85.52,2129821.0
2023-08-23 20:30:00,85.58,86.15,85.115,85.37,1662316.0
2023-08-24 20:30:00,85.44,86.785,85.44,86.17,2206931.0
2023-08-25 20:30:00,86.61,87.93,86.37,87.63,2165866.0
2023-08-28 20:30:00,87.64,90.09,87.63,89.74,3420193.0
2023-08-29 20:30:00,89.74,90.0,88.4158,89.83,2046081.0
2023-08-30 20:30:00,90.1,90.44,88.01,88.04,2208305.0
2023-08-31 20:30:00,88.25,88.55,87.24,87.33,2386574.0
2023-09-01 20:30:00,87.61,88.145,87.38,87.58,1454338.0
2023-09-05 20:30:00,87.46,87.585,86.56,86.91,2110805.0
2023-09-06 20:30:00,86.69,87.38,86.62,87.25,1352811.0
2023-09-07 20:30:00,87.9,89.09,87.61,88.59,2410377.0
2023-09-08 20:30:00,88.48,89.25,88.48,88.78,1524784.0
2023-09-11 20:30:00,88.77,89.8,88.645,89.73,1878069.0
2023-09-12 20:30:00,89.41,89.8,88.66,88.93,1773404.0
2023-09-13 20:30:00,89.08,89.39,87.85,87.95,2031095.0
2023-09-14 20:30:00,88.1,88.435,87.02,87.7,2084183.0
2023-09-15 20:30:00,87.23,87.81,87.195,87.75,4155907.0
2023-09-18 20:30:00,88.11,88.715,87.77,88.17,1954116.0
2023-09-19 20:30:00,88.17,88.7,87.91,88.26,1278646.0
2023-09-20 20:30:00,88.73,89.74,88.41,89.37,1728506.0
2023-09-21 20:30:00,89.32,89.919,88.99,89.1,2006079.0
2023-09-22 20:30:00,88.83,89.61,88.73,88.96,1541489.0
2023-09-25 20:30:00,88.1,89.73,88.01,89.21,1388488.0
2023-09-26 20:30:00,88.79,89.4671,88.415,88.67,1444814.0
2023-09-27 20:30:00,88.8,89.06,87.175,88.04,1950999.0
2023-09-28 20:30:00,88.31,88.59,87.64,87.8,1477561.0
2023-09-29 20:30:00,87.52,87.8,86.72,86.82,2318767.0
2023-10-02 20:30:00,85.98,87.05,85.82,86.38,2742315.0
2023-10-03 20:30:00,86.3,87.08,86.2401,86.83,2555546.0
2023-10-04 20:30:00,86.96,88.93,86.7,88.91,3267129.0
2023-10-05 20:30:00,89.24,90.065,89.02,89.82,1951137.0
2023-10-06 20:30:00,89.83,90.23,89.0,89.93,1844154.0
2023-10-09 20:30:00,89.62,90.99,89.385,90.73,1303514.0
2023-10-10 20:30:00,90.47,91.84,90.39,91.61,1413609.0
2023-10-11 20:30:00,91.45,91.92,90.19,91.68,1974092.0
2023-10-12 20:30:00,91.78,92.36,91.26,91.88,1905984.0
2023-10-13 20:30:00,92.35,93.52,92.34,93.22,1920049.0
2023-10-16 20:30:00,93.59,93.94,92.605,92.66,1576213.0
2023-10-17 20:30:00,92.74,93.31,92.56,93.04,1951868.0
2023-10-18 20:30:00,93.3,94.37,92.91,93.8,2118914.0
2023-10-19 20:30:00,93.64,93.96,92.21,92.79,1913531.0
2023-10-20 20:30:00,93.07,93.17,92.065,92.38,1890866.0
2023-10-23 20:30:00,91.94,92.54,91.19,91.99,1591622.0
2023-10-24 20:30:00,92.3,93.445,92.3,93.42,1535946.0
2023-10-25 20:30:00,93.74,94.19,93.0,93.53,1384206.0
2023-10-26 20:30:00,93.07,93.4,92.47,92.55,1616815.0
2023-10-27 20:30:00,92.26,92.86,90.99,91.39,1512362.0
2023-10-30 20:30:00,91.73,92.06,90.59,91.04,1635977.0
2023-10-31 20:30:00,91.42,91.44,90.19,91.0,3349198.0
2023-11-01 20:30:00,91.07,93.6,91.04,93.58,3341591.0
2023-11-02 20:30:00,92.93,93.87,91.145,93.78,2827680.0
2023-11-03 20:30:00,96.27,102.455,96.11,100.21,5293083.0
2023-11-06 21:30:00,99.5,102.1,98.792,101.66,2612108.0
2023-11-07 21:30:00,101.75,103.2987,101.32,103.0,2808431.0
2023-11-08 21:30:00,103.02,103.5,101.63,102.27,2153901.0
2023-11-09 21:30:00,102.18,103.4,101.96,102.81,1898831.0
2023-11-10 21:30:00,103.08,104.59,103.025,104.12,1752868.0
2023-11-13 21:30:00,104.58,105.5,104.15,104.94,1750950.0
2023-11-14 21:30:00,104.34,104.6,102.03,102.9,2839729.0
2023-11-15 21:30:00,102.85,103.47,100.92,101.8,3692387.0
2023-11-16 21:30:00,102.34,104.25,102.2316,103.3,1595608.0
2023-11-17 21:30:00,103.72,103.95,102.935,103.39,2693055.0
2023-11-20 21:30:00,102.91,105.81,102.91,105.26,2086140.0
2023-11-21 21:30:00,105.33,106.22,104.74,105.52,2158587.0
2023-11-22 21:30:00,105.79,106.35,105.25,105.88,1374506.0
2023-11-24 21:30:00,105.85,106.415,105.7,106.27,531464.0
2023-11-27 21:30:00,106.27,106.9,106.1,106.65,1512543.0
2023-11-28 21:30:00,106.75,107.15,105.965,106.16,1034841.0
2023-11-29 21:30:00,105.99,106.1,104.93,105.3,1463740.0
2023-11-30 21:30:00,105.01,107.16,104.85,107.08,2944390.0
2023-12-01 21:30:00,107.005,107.86,106.97,107.16,1617460.0
2023-12-04 21:30:00,106.69,107.56,106.5,107.46,1774960.0
2023-12-05 21:30:00,107.32,108.03,106.79,107.14,1601165.0
2023-12-06 21:30:00,106.94,106.94,104.91,105.87,1460493.0
2023-12-07 21:30:00,106.1,106.4,105.22,106.38,1749810.0
2023-12-08 21:30:00,106.69,107.025,105.665,106.83,1245028.0
2023-12-11 21:30:00,107.28,107.71,106.51,106.97,1372568.0
2023-12-12 21:30:00,107.27,108.41,106.73,107.93,1519068.0
2023-12-13 21:30:00,107.8,108.85,107.335,108.05,2294147.0
2023-12-14 21:30:00,104.0,104.21,100.56,102.69,5262173.0
2023-12-15 21:30:00,102.05,102.22,98.34,100.49,7262084.0
2023-12-18 21:30:00,101.63,102.3,100.51,101.12,2301683.0
2023-12-19 21:30:00,101.44,101.71,100.765,101.15,2178069.0
2023-12-20 21:30:00,101.17,101.17,99.03,99.12,2344574.0
2023-12-21 21:30:00,99.77,101.48,99.6,101.24,1578432.0
2023-12-22 21:30:00,101.56,101.99,100.71,101.33,1115854.0
2023-12-26 21:30:00,101.1,101.52,100.3,101.14,1339128.0
2023-12-27 21:30:00,100.88,101.14,100.26,100.96,1538172.0
2023-12-28 21:30:00,101.07,101.43,100.03,100.28,1644221.0
2023-12-29 21:30:00,100.38,101.24,100.16,100.8,1508919.0
2024-01-02 21:30:00,100.68,102.8799,100.565,102.62,1704472.0
2024-01-03 21:30:00,103.4,104.87,102.93,104.73,2393044.0
2024-01-04 21:30:00,103.9,106.24,103.81,105.56,2573289.0
2024-01-05 21:30:00,106.37,106.43,105.1,105.72,1636602.0
2024-01-08 21:30:00,106.25,106.25,104.33,105.17,1529120.0
2024-01-09 21:30:00,103.0,103.54,100.36,103.37,3096898.0
2024-01-10 21:30:00,104.24,105.3,103.4,104.19,2243577.0
2024-01-11 21:30:00,104.42,105.9,104.35,105.73,2298011.0
2024-01-12 21:30:00,105.72,106.0623,104.85,105.79,2033232.0
2024-01-16 21:30:00,106.11,106.76,105.32,106.38,1848207.0
2024-01-17 21:30:00,106.76,108.3925,105.02,105.46,1653595.0
2024-01-18 21:30:00,104.78,106.43,104.03,106.39,1279634.0
2024-01-19 21:30:00,106.68,107.27,105.18,105.48,1646655.0
2024-01-22 21:30:00,105.65,106.36,105.26,105.34,1544869.0
2024-01-23 21:30:00,104.54,104.88,103.76,104.54,1066259.0
2024-01-24 21:30:00,104.74,105.43,104.15,104.36,1758284.0
2024-01-25 21:30:00,104.93,105.83,103.95,105.71,2101939.0
2024-01-26 21:30:00,106.18,106.38,104.975,105.7,1897508.0
2024-01-29 21:30:00,105.72,106.73,105.41,106.28,2082263.0
2024-01-30 21:30:00,106.33,107.11,105.155,107.06,2135583.0
2024-01-31 21:30:00,109.0,111.4,107.65,109.19,5675134.0
2024-02-01 21:30:00,104.0,105.17,101.77,105.1,4648518.0
2024-02-02 21:30:00,105.8,106.64,103.02,103.46,3845055.0
2024-02-05 21:30:00,104.89,105.255,102.25,103.63,2524392.0
2024-02-06 21:30:00,104.46,104.95,103.55,104.07,2267429.0
2024-02-07 21:30:00,104.31,106.21,104.2,105.67,2054780.0
2024-02-08 21:30:00,105.35,105.89,101.27,102.73,2454447.0
2024-02-09 21:30:00,103.52,105.42,103.24,104.95,2614596.0
2024-02-12 21:30:00,104.67,104.6997,102.39,103.62,2387963.0
2024-02-13 21:30:00,104.36,104.91,103.18,104.36,1854265.0
2024-02-14 21:30:00,104.68,104.78,103.2,103.55,1471058.0
2024-02-15 21:30:00,103.86,105.115,103.735,104.94,1509223.0
2024-02-16 21:30:00,104.99,105.6,104.36,104.45,2341282.0
2024-02-20 21:30:00,104.45,105.96,104.45,105.37,1873468.0
2024-02-21 21:30:00,105.92,106.03,104.7263,105.58,1626770.0
2024-02-22 21:30:00,105.48,107.87,105.3,107.15,1417816.0
2024-02-23 21:30:00,107.53,108.1,107.17,108.09,974306.0
2024-02-26 21:30:00,109.62,111.0,109.32,110.27,5922799.0
2024-02-27 21:30:00,109.86,110.4511,109.0646,109.61,2777107.0
2024-02-28 21:30:00,109.6,111.72,108.84,111.66,2414805.0
2024-02-29 21:30:00,111.69,112.2,110.68,111.98,6327821.0
2024-03-01 21:30:00,114.45,114.8793,112.26,113.37,2990148.0
2024-03-04 21:30:00,113.48,115.325,112.47,112.64,3370267.0
2024-03-05 21:30:00,112.92,113.58,111.92,112.92,1804394.0
2024-03-06 21:30:00,113.43,113.92,110.54,110.62,2433043.0
2024-03-07 21:30:00,111.43,113.75,110.65,113.67,1978895.0
2024-03-08 21:30:00,113.88,115.38,113.12,115.17,1800414.0
2024-03-11 20:30:00,114.73,115.795,113.88,115.48,2310753.0
2024-03-12 20:30:00,115.48,115.96,114.14,115.62,1963329.0
2024-03-13 20:30:00,116.0,116.04,110.49,111.08,4522830.0
2024-03-14 20:30:00,110.67,111.145,108.99,109.93,3348883.0
2024-03-15 20:30:00,109.0,110.61,108.59,110.61,4425346.0
2024-03-18 20:30:00,110.41,111.35,109.48,110.16,3650061.0
2024-03-19 20:30:00,110.22,113.0,109.37,112.85,2771339.0
2024-03-20 20:30:00,112.88,113.135,111.66,111.89,2350052.0
2024-03-21 20:30:00,111.9,112.7,110.95,112.53,2159138.0
2024-03-22 20:30:00,113.04,113.04,110.26,111.01,1760513.0
2024-03-25 20:30:00,111.03,111.87,110.41,111.01,1671353.0
2024-03-26 20:30:00,111.0,111.995,110.69,111.6,1480141.0
2024-03-27 20:30:00,112.11,112.58,110.7,112.54,1235442.0
2024-03-28 20:30:00,112.26,112.53,111.23,111.9,1655424.0
2024-04-01 20:30:00,111.7,112.23,110.46,112.06,1379560.0
2024-04-02 20:30:00,111.58,112.085,110.47,111.25,1620175.0
2024-04-03 20:30:00,111.78,112.37,110.555,110.93,1254263.0
2024-04-04 20:30:00,111.39,111.95,110.01,110.12,1377698.0
2024-04-05 20:30:00,110.05,110.96,109.86,109.92,1443678.0
2024-04-08 20:30:00,109.61,110.1,109.2005,109.47,1958169.0
2024-04-09 20:30:00,109.74,109.88,106.34,108.07,1543391.0
2024-04-10 20:30:00,107.53,108.57,107.22,107.94,1178203.0
2024-04-11 20:30:00,107.83,108.31,106.35,106.42,1229015.0
2024-04-12 20:30:00,105.5,106.225,104.9201,105.1,1535419.0
2024-04-15 20:30:00,106.79,108.27,106.45,107.03,1969060.0
2024-04-16 20:30:00,107.44,108.01,106.895,107.17,1515804.0
2024-04-17 20:30:00,108.0,108.0,106.26,106.52,1618273.0
2024-04-18 20:30:00,107.07,107.44,105.53,106.0,1541130.0
2024-04-19 20:30:00,106.37,108.42,106.28,108.19,1486096.0
2024-04-22 20:30:00,103.85,104.5,101.23,102.83,5287253.0
2024-04-23 20:30:00,102.67,103.75,101.589,103.37,2477426.0
2024-04-24 20:30:00,103.18,103.95,102.43,103.54,2057344.0
2024-04-25 20:30:00,103.77,104.87,103.575,103.81,1642728.0
2024-04-26 20:30:00,103.2,103.94,102.93,103.21,1399916.0
2024-04-29 20:30:00,103.02,103.675,102.175,102.91,1690855.0
2024-04-30 20:30:00,102.91,103.34,102.375,103.04,2456082.0
2024-05-01 20:30:00,102.25,103.1,100.56,102.17,2858908.0
2024-05-02 20:30:00,100.0,106.68,100.0,102.98,3684813.0
2024-05-03 20:30:00,101.68,102.26,98.24,98.91,3446183.0
2024-05-06 20:30:00,99.42,99.7,98.325,98.59,1889759.0
2024-05-07 20:30:00,98.77,99.91,98.725,99.72,2307955.0
2024-05-08 20:30:00,99.84,100.09,97.31,97.44,2280705.0
2024-05-09 20:30:00,97.36,98.87,97.36,98.06,1822515.0
2024-05-10 20:30:00,98.22,100.08,98.22,99.53,1726388.0
2024-05-13 20:30:00,99.61,99.86,97.9,98.04,1392199.0
2024-05-14 20:30:00,98.33,98.65,96.95,97.43,1338730.0
2024-05-15 20:30:00,97.23,98.13,96.88,97.11,1671485.0
2024-05-16 20:30:00,97.56,99.07,97.27,98.7,2024083.0
2024-05-17 20:30:00,99.27,99.4,98.35,99.08,1307975.0
2024-05-20 20:30:00,99.28,99.28,97.86,98.46,1399894.0
2024-05-21 20:30:00,98.27,98.56,95.76,96.01,2178653.0
2024-05-22 20:30:00,95.88,97.13,95.5,96.32,1814371.0
2024-05-23 20:30:00,96.24,96.95,95.9,96.05,2058950.0
2024-05-24 20:30:00,96.41,96.75,95.66,96.39,1206966.0
2024-05-28 20:30:00,95.83,95.88,94.21,94.75,1782945.0
2024-05-29 20:30:00,94.61,96.25,94.04,96.14,1721760.0
2024-05-30 20:30:00,96.26,98.1,96.02,97.71,2153325.0
2024-05-31 20:30:00,97.73,99.44,97.06,99.27,4182760.0
2024-06-03 20:30:00,98.57,99.74,98.31,99.51,1773972.0
2024-06-04 20:30:00,99.23,99.84,97.55,98.32,1823638.0
2024-06-05 20:30:00,98.46,98.46,97.02,97.96,1373029.0
2024-06-06 20:30:00,97.79,98.95,97.38,98.8,1719793.0
2024-06-07 20:30:00,99.07,99.32,98.34,98.51,1651043.0
2024-06-10 20:30:00,98.18,98.95,97.16,98.84,1404614.0
2024-06-11 20:30:00,98.69,99.42,98.04,99.01,1694914.0
2024-06-12 20:30:00,99.0,99.19,97.1301,99.0,1897919.0
2024-06-13 20:30:00,98.75,101.17,97.715,100.61,2121504.0
2024-06-14 20:30:00,100.59,100.9566,99.68,100.2,1442612.0
2024-06-17 20:30:00,99.92,101.0,98.88,100.95,2377430.0
2024-06-18 20:30:00,101.17,105.05,100.815,104.09,2797755.0
2024-06-20 20:30:00,104.16,105.32,103.95,104.37,2952133.0
2024-06-21 20:30:00,104.53,105.14,103.12,104.63,4413092.0
2024-06-24 20:30:00,104.93,105.72,104.46,104.9,2285019.0
2024-06-25 20:30:00,105.65,105.73,103.121,103.13,1907424.0
2024-06-26 20:30:00,102.62,102.88,100.45,101.1,2106041.0
2024-06-27 20:30:00,100.96,101.4,98.2,99.62,2352267.0
2024-06-28 20:30:00,100.035,100.6,98.08,98.32,4055853.0
2024-07-01 20:30:00,98.17,99.52,97.41,97.76,1793715.0
2024-07-02 20:30:00,97.76,97.77,96.09,96.54,1940383.0
2024-07-03 20:30:00,96.67,96.96,95.125,95.7,1121277.0
2024-07-05 20:30:00,95.58,96.27,94.4,95.89,2069012.0
2024-07-08 20:30:00,95.99,97.32,95.99,96.88,2293381.0
2024-07-09 20:30:00,97.27,97.27,95.35,96.01,1766680.0
2024-07-10 20:30:00,96.03,96.32,95.35,95.59,1612596.0
2024-07-11 20:30:00,95.14,95.2803,93.52,94.46,2710648.0
2024-07-12 20:30:00,94.99,95.54,94.02,94.1,1891046.0
2024-07-15 20:30:00,94.86,95.99,93.17,93.74,2346783.0
2024-07-16 20:30:00,94.0,95.5,93.985,95.41,1647217.0
2024-07-17 20:30:00,95.82,96.95,95.47,95.97,1685683.0
2024-07-18 20:30:00,95.67,96.7643,94.9901,95.3,1379948.0
2024-07-19 20:30:00,96.36,96.36,94.29,95.03,1614850.0
2024-07-22 20:30:00,95.47,96.7,94.985,95.42,1534689.0
2024-07-23 20:30:00,95.67,96.17,94.85,95.84,1169266.0
2024-07-24 20:30:00,96.19,96.8495,95.13,96.71,1693613.0
2024-07-25 20:30:00,97.04,98.9,96.85,96.91,1577216.0
2024-07-26 20:30:00,97.18,98.84,97.18,98.35,1383461.0
2024-07-29 20:30:00,98.41,98.97,97.42,98.18,1160680.0
2024-07-30 20:30:00,97.98,100.29,97.98,100.26,1523980.0
2024-07-31 20:30:00,100.13,101.55,99.84,100.83,3007790.0
2024-08-01 20:30:00,101.29,103.45,101.0901,103.39,1740011.0
2024-08-02 20:30:00,104.0,105.08,99.55,101.6,2613341.0
2024-08-05 20:30:00,101.38,102.06,97.83,98.36,2318616.0
2024-08-06 20:30:00,98.36,100.76,98.2001,99.52,1935006.0
2024-08-07 20:30:00,99.36,100.75,98.75,99.71,1558469.0
2024-08-08 20:30:00,98.5,99.19,96.05,98.92,1727067.0
2024-08-09 20:30:00,99.0,101.07,98.07,100.67,1193076.0
2024-08-12 20:30:00,100.45,102.11,100.07,100.66,1338909.0
2024-08-13 20:30:00,100.81,102.81,100.8,102.58,1970674.0
2024-08-14 20:30:00,109.0,109.0,105.01,106.36,4314705.0
2024-08-15 20:30:00,105.01,108.08,105.01,107.91,3140989.0
2024-08-16 20:30:00,108.04,110.0,107.5501,109.85,2452221.0
2024-08-19 20:30:00,109.55,109.9,108.58,109.79,1301709.0
2024-08-20 20:30:00,109.69,109.79,107.9447,108.88,1548341.0
2024-08-21 20:30:00,109.23,110.195,109.16,109.65,1327264.0
2024-08-22 20:30:00,109.99,110.595,109.6705,110.43,1346659.0
2024-08-23 20:30:00,110.72,110.82,109.245,109.44,1316016.0
2024-08-26 20:30:00,109.31,109.96,108.78,109.61,1161650.0
2024-08-27 20:30:00,109.84,110.69,109.34,110.08,1284528.0
2024-08-28 20:30:00,110.32,111.6,110.32,111.04,1544847.0
2024-08-29 20:30:00,111.49,112.37,111.01,112.2,1919406.0
2024-08-30 20:30:00,112.23,113.14,111.88,112.72,1836612.0
2024-09-03 20:30:00,113.01,116.05,113.01,114.66,2566384.0
2024-09-04 20:30:00,115.0,115.82,112.84,113.91,1742745.0
2024-09-05 20:30:00,113.4,113.655,111.25,111.77,2801493.0
2024-09-06 20:30:00,111.93,112.87,111.2,111.77,3016176.0
2024-09-09 20:30:00,112.5,113.67,112.07,112.8,1866200.0
2024-09-10 20:30:00,112.97,115.18,112.37,114.37,2287516.0
2024-09-11 20:30:00,113.75,113.89,112.32,113.35,1940711.0
2024-09-12 20:30:00,113.28,113.5514,112.3,112.39,1457132.0
2024-09-13 20:30:00,112.5,113.83,112.04,113.17,1065523.0
2024-09-16 20:30:00,113.88,114.69,113.04,113.28,1294834.0
2024-09-17 20:30:00,112.82,113.22,111.03,111.32,1807113.0
2024-09-18 20:30:00,110.77,112.055,110.77,111.41,1260923.0
2024-09-19 20:30:00,111.47,112.35,110.35,110.76,1696820.0
2024-09-20 20:30:00,110.47,111.87,110.2977,111.84,3291248.0
2024-09-23 20:30:00,112.2,112.79,110.64,111.84,2009114.0
2024-09-24 20:30:00,111.14,111.24,109.81,110.19,3198065.0
2024-09-25 20:30:00,110.1,110.65,106.54,108.82,3034954.0
2024-09-26 20:30:00,108.36,109.77,108.1,109.23,2559656.0
2024-09-27 20:30:00,109.22,110.3,109.22,109.79,1683994.0
2024-09-30 20:30:00,110.04,110.82,110.04,110.52,1993037.0
2024-10-01 20:30:00,110.46,110.56,109.43,110.33,1755741.0
2024-10-02 20:30:00,110.34,110.51,109.57,110.21,1678960.0
2024-10-03 20:30:00,110.38,110.51,109.75,110.35,2468896.0
2024-10-04 20:30:00,110.55,112.07,110.1,111.98,1490687.0
2024-10-07 20:30:00,111.71,112.005,111.37,111.76,1243762.0
2024-10-08 20:30:00,112.32,112.88,111.78,112.62,2085171.0
2024-10-09 20:30:00,112.65,114.68,112.293895,114.54,1372479.0
2024-10-10 20:30:00,114.9,115.14,113.75,113.84,1442327.0
2024-10-11 20:30:00,114.16,114.68,111.93,112.51,1908264.0
2024-10-14 20:30:00,112.62,112.62,111.7,111.92,2267695.0
2024-10-15 20:30:00,111.42,113.41,111.05,111.98,2050382.0
2024-10-16 20:30:00,111.57,113.25,111.55,112.55,1405409.0
2024-10-17 20:30:00,111.28,112.29,110.92,111.93,1359353.0
2024-10-18 20:30:00,111.89,112.56,111.04,112.41,1369588.0
2024-10-21 20:30:00,112.71,113.19,111.845,112.32,1401876.0
2024-10-22 20:30:00,112.16,112.76,111.65,112.23,1104399.0
2024-10-23 20:30:00,112.37,112.9,111.415,111.92,988846.0
2024-10-24 20:30:00,111.76,112.705,111.49,112.16,1040948.0
2024-10-25 20:30:00,111.81,111.99,110.52,110.89,1315194.0
2024-10-28 20:30:00,111.35,111.6554,110.3,110.87,1227071.0
2024-10-29 20:30:00,110.83,111.68,109.96,110.06,2098883.0
2024-10-30 20:30:00,109.7,109.895,106.98,107.89,2105184.0
2024-10-31 20:30:00,107.66,109.03,107.1101,108.52,2877667.0
2024-11-01 20:30:00,112.87,119.125,112.87,116.13,3876405.0
2024-11-04 21:30:00,117.07,117.07,111.85,111.9,4392713.0
2024-11-05 21:30:00,112.22,114.05,110.63,113.18,1774237.0
2024-11-06 21:30:00,116.1,116.54,113.65,115.58,2006723.0
2024-11-07 21:30:00,116.08,119.58,116.0,118.22,2905016.0
2024-11-08 21:30:00,118.56,121.79,117.82,120.56,2791186.0
2024-11-11 21:30:00,121.39,123.18,120.73,121.64,2137328.0
2024-11-12 21:30:00,121.93,125.41,121.69,123.51,3262285.0
2024-11-13 21:30:00,123.43,126.135,122.37,125.33,4785070.0
2024-11-14 21:30:00,124.69,124.73,120.96,121.29,3171764.0
2024-11-15 21:30:00,122.16,122.725,118.69,118.78,2241163.0
2024-11-18 21:30:00,118.76,120.4,118.48,120.03,1702397.0
2024-11-19 21:30:00,119.52,120.45,118.19,118.33,2608132.0
2024-11-20 21:30:00,118.36,120.41,118.03,120.34,2023126.0
2024-11-21 21:30:00,120.1,123.51,119.4,123.42,2008227.0
2024-11-22 21:30:00,123.4,124.07,121.79,121.84,2264543.0
2024-11-25 21:30:00,121.78,122.5,120.595,121.77,3582347.0
2024-11-26 21:30:00,122.9,122.985,120.56,122.44,1684715.0
2024-11-27 21:30:00,122.01,123.49,121.52,122.63,1041513.0
2024-11-29 21:30:00,122.82,123.63,122.0,122.24,878174.0
2024-12-02 21:30:00,122.9,123.17,121.64,122.47,2391558.0
2024-12-03 21:30:00,123.18,123.7,122.15,123.27,1451030.0
2024-12-04 21:30:00,123.7,126.23,123.31,125.24,1641233.0
2024-12-05 21:30:00,124.6,125.24,121.15,122.84,2585195.0
2024-12-06 21:30:00,123.39,123.87,122.18,122.76,1583924.0
2024-12-09 21:30:00,122.77,123.64,119.73,121.58,2087082.0
2024-12-10 21:30:00,121.58,121.58,119.42,120.42,1307013.0
2024-12-11 21:30:00,120.96,121.055,116.74,117.42,2013181.0
2024-12-12 21:30:00,117.88,119.27,117.32,117.46,2998563.0
2024-12-13 21:30:00,118.81,118.91,117.07,118.1,1413636.0
2024-12-16 21:30:00,118.13,118.78,116.27,116.55,1939728.0
2024-12-17 21:30:00,115.87,116.57,114.6,115.82,1874846.0
2024-12-18 21:30:00,116.12,117.285,115.18,115.91,2203664.0
2024-12-19 21:30:00,115.715,117.635,114.9982,117.0,2597294.0
2024-12-20 21:30:00,117.01,118.86,116.03,118.28,9313090.0
2024-12-23 21:30:00,118.28,118.78,116.69,118.35,1514195.0
2024-12-24 21:30:00,117.88,119.35,117.82,118.83,623500.0
2024-12-26 21:30:00,118.86,119.585,118.63,119.2,904221.0
2024-12-27 21:30:00,118.73,119.55,118.35,119.14,1215409.0
2024-12-30 21:30:00,118.3,118.64,117.53,117.92,1121850.0
2024-12-31 21:30:00,118.11,119.31,117.76,118.27,1199889.0
2025-01-02 21:30:00,118.29,119.14,117.53,118.02,1478463.0
2025-01-03 21:30:00,118.84,120.32,118.44,119.3,1717484.0
2025-01-06 21:30:00,121.41,121.95,119.0,119.63,2777683.0
2025-01-07 21:30:00,120.67,122.0,119.11,121.4,3394632.0
2025-01-08 21:30:00,122.65,122.83,120.88,122.53,2262076.0
2025-01-10 21:30:00,121.82,122.75,121.11,121.57,1974292.0
2025-01-13 21:30:00,121.08,121.27,119.25,120.86,1644343.0
2025-01-14 21:30:00,120.87,124.31,119.92,124.03,2375868.0
2025-01-15 21:30:00,124.39,124.78,122.49,124.71,2144142.0
2025-01-16 21:30:00,124.7,127.08,124.365,127.03,1927224.0
2025-01-17 21:30:00,127.2,127.27,125.17,126.27,1717555.0
2025-01-21 21:30:00,126.96,127.89,126.51,127.83,1588993.0
2025-01-22 21:30:00,127.85,129.36,126.41,128.75,1627114.0
2025-01-23 21:30:00,129.42,129.68,127.31,129.3,1531418.0
2025-01-24 21:30:00,129.47,129.47,128.525,128.83,1595264.0
2025-01-27 21:30:00,129.38,131.0,128.87,130.73,2191226.0
2025-01-28 21:30:00,130.84,131.29,127.5,127.73,2024586.0
2025-01-29 21:30:00,128.5,128.53,126.95,127.76,3901217.0
2025-01-30 21:30:00,127.16,132.84,125.0,128.26,3837172.0
2025-01-31 21:30:00,126.8,127.98,122.855,123.66,6025930.0
2025-02-03 21:30:00,123.92,126.47,123.0,125.33,3039828.0
2025-02-04 21:30:00,123.57,127.47,123.57,125.17,2588572.0
2025-02-05 21:30:00,127.02,128.56,126.3267,127.45,2358719.0
2025-02-06 21:30:00,126.73,127.19,125.74,127.05,2455042.0
2025-02-07 21:30:00,126.78,128.45,126.615,127.37,1797505.0
2025-02-10 21:30:00,127.35,127.79,126.19,127.2,1870539.0
2025-02-11 21:30:00,127.31,128.81,126.96,128.39,2357216.0
2025-02-12 21:30:00,128.35,130.53,127.03,127.06,2771646.0
2025-02-13 21:30:00,127.61,128.51,125.27,126.78,2390528.0
2025-02-14 21:30:00,127.0,127.9,126.16,126.21,1620345.0
2025-02-18 21:30:00,125.8,126.52,123.94,126.25,1973434.0
2025-02-19 21:30:00,125.78,127.14,125.615,126.75,2290727.0
2025-02-20 21:30:00,126.19,127.62,126.01,127.38,2057573.0
2025-02-21 21:30:00,126.91,127.97,126.5,127.06,2354574.0
2025-02-24 21:30:00,126.59,128.63,126.075,127.55,2007325.0
2025-02-25 21:30:00,127.85,128.27,126.13,127.81,2775189.0
2025-02-26 21:30:00,127.53,128.93,127.14,127.18,2921371.0
2025-02-27 21:30:00,127.58,128.67,127.08,127.47,1710006.0
2025-02-28 21:30:00,127.88,129.76,126.98,129.48,3852152.0
2025-03-03 21:30:00,129.34,131.47,128.601,129.18,2760477.0
2025-03-04 21:30:00,129.26,129.825,126.165,126.31,2545120.0
2025-03-05 21:30:00,126.0,128.6155,125.7501,127.42,2373147.0
2025-03-06 21:30:00,126.76,127.76,125.655,127.01,3649132.0
2025-03-07 21:30:00,126.19,128.175,125.47,126.5,2615115.0
2025-03-10 20:30:00,125.7,128.1765,122.26,123.93,4447149.0
2025-03-11 20:30:00,123.62,125.59,122.855,124.17,2582180.0
2025-03-12 20:30:00,124.58,127.83,124.17,126.83,2761825.0
2025-03-13 20:30:00,127.1,127.375,125.35,126.27,1664622.0
2025-03-14 20:30:00,126.28,128.37,125.135,128.0,1863250.0
2025-03-17 20:30:00,127.59,130.06,127.59,130.03,1834744.0
2025-03-18 20:30:00,130.0,131.84,129.49,131.46,1529618.0
2025-03-19 20:30:00,131.46,132.48,130.46,132.12,1364395.0
2025-03-20 20:30:00,132.15,133.11,131.41,133.08,1788680.0
2025-03-21 20:30:00,133.21,133.67,131.42,131.89,5709855.0
2025-03-24 20:30:00,132.87,133.56,131.6713,133.21,2153367.0
2025-03-25 20:30:00,133.55,133.68,131.6893,132.75,2122567.0
2025-03-26 20:30:00,133.23,134.76,132.87,133.98,1232080.0
2025-03-27 20:30:00,134.81,137.06,133.65,136.65,2751457.0
2025-03-28 20:30:00,136.93,137.18,135.93,136.44,1873271.0
2025-03-31 20:30:00,136.34,138.62,136.01,137.77,2472681.0
2025-04-01 20:30:00,137.56,137.91,136.18,137.13,2358131.0
2025-04-02 20:30:00,136.78,139.15,136.52,138.67,1399537.0
2025-04-03 20:30:00,138.63,139.5,135.3,137.09,4062542.0
2025-04-04 20:30:00,134.48,136.21,128.77,129.63,3779486.0
2025-04-07 20:30:00,125.38,129.0,120.72,125.68,5505198.0
2025-04-08 20:30:00,129.34,130.27,123.645,125.0,4782354.0
2025-04-09 20:30:00,123.7,130.79,121.17,130.45,4287350.0
2025-04-10 20:30:00,128.815,130.28,124.73,128.88,3180913.0
2025-04-11 20:30:00,128.61,132.75,128.44,131.77,2168155.0
2025-04-14 20:30:00,132.65,135.0,131.46,134.78,2418029.0
2025-04-15 20:30:00,135.56,135.85,132.8,134.25,2277972.0
2025-04-16 20:30:00,134.35,136.33,133.513,134.36,3167923.0
2025-04-17 20:30:00,133.66,136.54,133.64,134.71,2350093.0
2025-04-21 20:30:00,135.52,135.79,129.52,131.17,2825998.0
2025-04-22 20:30:00,132.48,134.135,130.52,133.69,1700799.0
2025-04-23 20:30:00,134.1,136.23,133.26,134.43,2196626.0
2025-04-24 20:30:00,133.97,136.27,133.475,135.84,1588342.0
2025-04-25 20:30:00,135.93,137.79,134.76,137.56,1804081.0
2025-04-28 20:30:00,138.0,138.91,136.95,138.24,1766219.0
2025-04-29 20:30:00,138.24,140.495,137.35,139.84,2103161.0
2025-04-30 20:30:00,140.08,141.73,138.59,141.29,3469180.0
2025-05-01 20:30:00,140.01,147.27,136.71,145.53,4035731.0
2025-05-02 20:30:00,147.28,150.12,146.35,149.53,3365998.0
2025-05-05 20:30:00,150.69,152.98,150.205,151.99,3160059.0
2025-05-06 20:30:00,151.26,152.67,150.67,151.69,2265564.0
2025-05-07 20:30:00,151.81,153.74,151.53,153.48,2309938.0
2025-05-08 20:30:00,153.87,154.07,146.63,147.27,4363967.0
2025-05-09 20:30:00,147.86,149.74,147.18,148.22,3241387.0
2025-05-12 20:30:00,148.395,148.92,142.94,148.62,3997803.0
2025-05-13 20:30:00,148.16,149.21,147.45,148.26,2293130.0
2025-05-14 20:30:00,148.87,149.52,147.74,148.41,1978939.0
2025-05-15 20:30:00,148.92,151.96,148.0001,151.95,1948115.0
2025-05-16 20:30:00,151.88,154.32,151.2533,154.25,2804931.0
2025-05-19 20:30:00,154.13,154.63,153.26,153.86,1578883.0
2025-05-20 20:30:00,154.61,156.435,152.55,154.77,1928913.0
2025-05-21 20:30:00,154.11,154.74,152.799,153.31,1811733.0
2025-05-22 20:30:00,152.76,153.67,151.93,152.49,1129492.0
2025-05-23 20:30:00,152.15,153.15,150.765,152.75,1856640.0
2025-05-27 20:30:00,153.53,154.73,153.106,154.68,1901066.0
